QueryNumber;DocNumber;DocVotes
00001;139;1.75
00001;151;1.5
00001;166;0.25
00001;311;0.25
00001;370;0.5
00001;392;0.25
00001;439;0.25
00001;440;0.5
00001;441;1.75
00001;454;0.25
00001;461;1.25
00001;502;0.5
00001;503;0.25
00001;505;0.25
00001;520;0.5
00001;522;0.25
00001;526;0.75
00001;527;0.5
00001;533;2.0
00001;593;0.25
00001;619;0.25
00001;737;0.25
00001;742;0.25
00001;789;0.25
00001;827;0.25
00001;835;0.25
00001;861;0.25
00001;875;1.25
00001;891;0.25
00001;921;0.5
00001;922;0.5
00001;1175;0.25
00001;1185;0.25
00001;1222;0.25
00002;169;0.25
00002;434;0.5
00002;454;0.25
00002;498;0.25
00002;499;0.25
00002;592;0.5
00002;875;0.75
00003;23;0.25
00003;40;0.25
00003;139;1.75
00003;190;0.25
00003;221;0.25
00003;246;0.25
00003;309;0.25
00003;311;0.5
00003;325;0.25
00003;345;0.25
00003;347;0.25
00003;356;0.25
00003;370;0.5
00003;374;0.25
00003;375;1.75
00003;439;0.25
00003;440;1.0
00003;454;1.25
00003;515;0.25
00003;520;0.25
00003;524;0.25
00003;526;0.5
00003;527;1.25
00003;533;0.25
00003;535;0.25
00003;560;0.25
00003;561;0.25
00003;571;0.25
00003;584;0.25
00003;604;0.5
00003;623;0.25
00003;633;2.0
00003;733;0.25
00003;742;0.5
00003;854;0.25
00003;856;1.5
00003;950;0.25
00003;967;0.25
00003;1144;1.0
00003;1161;0.25
00003;1172;0.25
00003;1175;0.25
00003;1196;0.5
00004;503;0.25
00004;538;0.25
00004;539;0.25
00004;540;0.25
00004;553;0.25
00004;604;2.0
00004;669;0.5
00004;711;1.75
00004;876;2.0
00005;23;1.5
00005;47;1.75
00005;50;0.25
00005;60;0.25
00005;114;0.5
00005;132;0.25
00005;135;0.25
00005;139;0.25
00005;151;2.0
00005;169;0.25
00005;189;0.25
00005;190;0.25
00005;197;0.25
00005;200;0.25
00005;226;0.25
00005;256;1.5
00005;265;0.25
00005;297;0.25
00005;298;0.25
00005;299;0.25
00005;311;0.25
00005;312;0.25
00005;325;0.75
00005;333;0.25
00005;343;0.5
00005;347;0.75
00005;349;0.25
00005;369;0.25
00005;370;1.25
00005;371;0.25
00005;374;2.0
00005;386;0.5
00005;392;0.25
00005;410;0.25
00005;420;0.25
00005;427;0.25
00005;428;0.25
00005;430;0.5
00005;434;0.25
00005;437;0.25
00005;439;2.0
00005;440;0.25
00005;441;0.25
00005;450;0.25
00005;461;1.25
00005;465;0.75
00005;478;0.25
00005;496;1.25
00005;497;1.5
00005;498;1.5
00005;499;1.75
00005;500;1.0
00005;501;0.25
00005;502;0.25
00005;503;1.75
00005;505;0.25
00005;511;0.75
00005;513;0.25
00005;516;0.5
00005;520;0.25
00005;524;0.5
00005;531;0.25
00005;533;1.5
00005;549;0.25
00005;553;0.5
00005;559;0.25
00005;561;0.25
00005;568;0.25
00005;590;0.25
00005;592;0.5
00005;593;2.0
00005;604;0.5
00005;605;0.25
00005;633;1.75
00005;669;0.25
00005;701;0.25
00005;702;0.25
00005;710;1.75
00005;711;0.5
00005;722;0.25
00005;724;0.5
00005;729;0.25
00005;731;0.5
00005;733;0.5
00005;750;0.25
00005;761;0.25
00005;763;0.25
00005;772;0.25
00005;779;0.25
00005;788;0.25
00005;805;1.5
00005;843;0.5
00005;845;0.25
00005;856;1.5
00005;857;0.25
00005;861;1.5
00005;864;0.25
00005;867;0.5
00005;875;2.0
00005;876;0.5
00005;888;0.5
00005;889;0.5
00005;895;1.25
00005;925;0.25
00005;935;0.25
00005;943;0.25
00005;944;0.25
00005;975;1.5
00005;980;1.25
00005;982;0.5
00005;990;0.5
00005;1000;0.5
00005;1019;0.25
00005;1038;0.25
00005;1040;0.25
00005;1064;1.5
00005;1076;0.25
00005;1080;0.25
00005;1088;0.25
00005;1091;0.25
00005;1092;0.5
00005;1093;0.5
00005;1098;0.25
00005;1144;1.25
00005;1156;0.25
00005;1175;1.0
00005;1185;0.25
00005;1188;0.25
00005;1196;0.25
00005;1223;0.25
00005;1226;0.25
00006;25;0.25
00006;31;2.0
00006;90;0.25
00006;195;0.25
00006;326;0.25
00006;370;0.5
00006;438;0.25
00006;440;0.25
00006;441;0.25
00006;503;1.25
00006;511;0.25
00006;586;0.25
00006;592;0.5
00006;593;0.25
00006;722;0.25
00006;731;0.25
00006;734;0.5
00006;805;0.25
00006;875;1.0
00006;922;0.25
00006;963;0.25
00006;975;0.5
00006;1092;0.25
00006;1093;0.5
00007;45;0.25
00007;53;0.25
00007;166;0.5
00007;171;0.25
00007;256;0.5
00007;370;0.25
00007;371;1.75
00007;386;0.25
00007;410;0.25
00007;439;0.5
00007;535;0.25
00007;623;1.5
00007;633;0.25
00007;634;0.25
00007;640;0.25
00007;669;0.25
00007;831;0.25
00007;853;0.25
00007;856;1.25
00007;857;0.25
00007;921;0.25
00007;1027;0.25
00007;1054;0.5
00007;1056;0.25
00007;1057;0.25
00007;1059;0.25
00007;1064;1.0
00007;1161;0.25
00008;23;1.5
00008;169;0.25
00008;322;0.25
00008;370;0.25
00008;386;0.25
00008;435;0.25
00008;439;0.5
00008;463;0.25
00008;496;0.25
00008;497;0.25
00008;498;0.25
00008;499;1.5
00008;503;0.25
00008;605;0.25
00008;683;1.5
00008;710;0.25
00008;750;0.25
00008;771;0.25
00008;867;0.25
00008;875;0.25
00008;944;0.25
00008;1125;1.5
00009;165;1.5
00009;174;0.25
00009;362;0.25
00009;370;0.25
00009;414;2.0
00009;443;0.25
00009;794;1.0
00009;992;0.5
00009;1040;0.25
00009;1115;0.75
00010;30;1.5
00010;126;0.5
00010;157;2.0
00010;170;1.25
00010;296;1.5
00010;301;0.25
00010;322;0.25
00010;370;0.5
00010;413;2.0
00010;443;1.0
00010;581;2.0
00010;676;1.75
00010;715;0.25
00010;722;0.25
00010;728;0.75
00010;758;0.25
00010;782;0.5
00010;835;0.25
00010;878;1.75
00010;941;0.25
00010;1115;1.75
00010;1215;0.25
00010;1218;1.75
00010;1234;0.25
00010;1239;0.75
00011;36;0.25
00011;46;0.25
00011;96;1.25
00011;186;0.25
00011;301;0.25
00011;428;0.75
00011;518;1.0
00011;649;0.25
00011;652;0.25
00011;659;0.25
00011;772;0.5
00011;796;2.0
00011;798;1.75
00011;799;0.25
00011;835;0.25
00011;837;0.25
00011;908;0.25
00011;909;2.0
00011;991;2.0
00011;1119;0.25
00011;1178;0.25
00011;1226;0.5
00012;70;1.75
00012;181;0.25
00012;443;1.25
00012;466;1.5
00012;755;0.25
00012;918;0.25
00012;1115;0.25
00013;156;1.5
00013;301;1.25
00013;314;2.0
00013;322;1.25
00013;370;0.25
00013;443;1.0
00013;462;0.5
00013;522;0.25
00013;643;0.25
00013;695;1.25
00013;715;0.25
00013;719;0.25
00013;722;0.25
00013;763;0.5
00013;764;0.25
00013;791;1.5
00013;822;0.25
00013;900;0.25
00013;902;0.75
00013;978;0.25
00013;1017;0.25
00013;1033;0.25
00013;1097;0.25
00013;1124;0.5
00014;5;0.5
00014;89;0.25
00014;92;0.25
00014;131;1.75
00014;135;0.25
00014;150;2.0
00014;156;0.25
00014;203;0.25
00014;232;0.25
00014;233;1.5
00014;234;1.25
00014;291;0.25
00014;297;0.25
00014;314;0.25
00014;319;0.25
00014;344;1.5
00014;345;1.25
00014;356;0.25
00014;367;1.25
00014;370;0.75
00014;379;0.25
00014;405;1.5
00014;413;0.25
00014;417;1.25
00014;419;0.5
00014;421;0.25
00014;424;0.25
00014;462;1.75
00014;465;1.0
00014;492;0.25
00014;584;0.5
00014;602;0.75
00014;616;1.25
00014;635;1.75
00014;662;0.25
00014;695;0.25
00014;719;0.5
00014;777;1.0
00014;791;1.75
00014;809;0.25
00014;815;2.0
00014;852;2.0
00014;889;0.25
00014;899;2.0
00014;930;0.5
00014;941;0.75
00014;1000;0.25
00014;1008;1.5
00014;1013;0.5
00014;1100;2.0
00014;1117;1.5
00014;1124;1.75
00014;1135;0.75
00014;1206;0.25
00014;1234;0.5
00015;17;0.25
00015;59;1.75
00015;63;0.25
00015;72;0.25
00015;91;0.25
00015;95;0.25
00015;97;0.25
00015;98;0.25
00015;99;1.5
00015;135;0.25
00015;149;0.75
00015;174;1.5
00015;197;0.5
00015;204;2.0
00015;205;1.75
00015;226;0.5
00015;232;0.25
00015;238;0.25
00015;266;2.0
00015;297;0.25
00015;301;1.75
00015;322;1.75
00015;339;1.75
00015;350;0.25
00015;354;0.25
00015;355;1.5
00015;364;1.25
00015;370;1.25
00015;385;2.0
00015;398;0.5
00015;408;0.25
00015;410;1.0
00015;413;0.25
00015;414;0.25
00015;420;0.25
00015;422;2.0
00015;423;1.75
00015;424;0.25
00015;426;0.25
00015;434;0.25
00015;443;2.0
00015;474;1.0
00015;545;1.5
00015;549;1.5
00015;550;0.25
00015;601;1.75
00015;603;0.5
00015;611;0.25
00015;642;0.5
00015;643;0.25
00015;657;0.25
00015;673;0.25
00015;690;1.5
00015;700;1.75
00015;720;2.0
00015;722;1.5
00015;724;0.25
00015;725;0.5
00015;729;0.25
00015;731;0.25
00015;735;0.25
00015;747;0.5
00015;752;1.75
00015;763;1.0
00015;764;0.5
00015;767;0.25
00015;792;0.25
00015;794;0.25
00015;816;0.25
00015;822;0.5
00015;833;0.25
00015;837;0.25
00015;844;0.5
00015;853;0.25
00015;854;0.75
00015;857;0.25
00015;863;0.5
00015;870;2.0
00015;875;0.25
00015;888;0.25
00015;889;0.25
00015;900;0.5
00015;944;0.75
00015;990;0.5
00015;993;0.25
00015;994;1.5
00015;1000;0.75
00015;1013;0.5
00015;1016;0.5
00015;1027;0.25
00015;1033;0.25
00015;1040;0.5
00015;1093;0.25
00015;1098;0.5
00015;1115;0.5
00015;1162;0.75
00015;1184;2.0
00015;1187;0.25
00015;1192;2.0
00015;1195;0.25
00015;1226;0.5
00015;1232;0.25
00015;1234;0.25
00015;1235;1.5
00016;5;0.25
00016;10;0.25
00016;17;0.25
00016;36;0.25
00016;41;0.5
00016;46;1.0
00016;69;0.5
00016;72;0.25
00016;89;2.0
00016;92;0.25
00016;95;2.0
00016;97;0.25
00016;98;0.25
00016;126;0.25
00016;129;1.25
00016;130;0.25
00016;132;0.25
00016;134;0.25
00016;135;0.75
00016;148;0.25
00016;150;0.25
00016;168;0.25
00016;181;0.75
00016;182;2.0
00016;186;1.75
00016;189;0.25
00016;197;0.25
00016;202;0.25
00016;205;0.25
00016;212;0.25
00016;225;0.25
00016;226;0.5
00016;238;0.5
00016;240;1.25
00016;255;0.25
00016;288;0.25
00016;290;0.25
00016;292;0.25
00016;297;0.25
00016;298;0.5
00016;301;2.0
00016;314;1.25
00016;320;0.25
00016;322;1.5
00016;330;0.25
00016;331;0.25
00016;333;0.5
00016;350;0.5
00016;357;0.25
00016;359;0.75
00016;364;1.5
00016;370;1.5
00016;376;1.5
00016;386;0.25
00016;396;2.0
00016;398;0.5
00016;413;0.25
00016;421;0.25
00016;424;1.0
00016;428;0.75
00016;434;0.25
00016;443;2.0
00016;462;0.25
00016;466;1.75
00016;468;1.5
00016;472;0.25
00016;473;0.25
00016;475;1.75
00016;478;0.5
00016;489;0.25
00016;490;0.25
00016;510;0.25
00016;512;0.25
00016;518;0.75
00016;522;1.0
00016;550;0.75
00016;553;0.25
00016;559;0.25
00016;581;0.25
00016;582;0.5
00016;586;0.25
00016;594;1.5
00016;615;0.25
00016;616;0.25
00016;641;1.0
00016;642;1.0
00016;643;0.5
00016;649;1.75
00016;656;0.25
00016;657;0.5
00016;658;0.5
00016;659;1.75
00016;660;0.5
00016;662;0.5
00016;673;0.25
00016;676;0.5
00016;708;0.25
00016;709;0.25
00016;711;0.25
00016;715;0.25
00016;719;0.5
00016;722;1.5
00016;723;0.25
00016;724;0.25
00016;725;0.25
00016;727;1.75
00016;729;0.25
00016;730;0.25
00016;731;0.5
00016;735;0.25
00016;755;0.75
00016;756;1.0
00016;758;0.25
00016;762;0.25
00016;763;1.0
00016;764;0.5
00016;767;0.25
00016;770;0.5
00016;772;1.75
00016;783;0.25
00016;791;0.5
00016;797;0.25
00016;799;2.0
00016;809;0.25
00016;810;0.25
00016;816;0.5
00016;822;0.5
00016;834;2.0
00016;835;0.25
00016;837;0.25
00016;844;0.5
00016;867;0.25
00016;870;0.25
00016;872;1.25
00016;875;0.25
00016;882;0.5
00016;888;0.5
00016;889;0.5
00016;893;0.25
00016;896;0.25
00016;901;1.25
00016;902;0.5
00016;919;0.25
00016;928;0.25
00016;932;0.25
00016;935;1.0
00016;937;0.5
00016;938;0.25
00016;941;0.25
00016;943;0.5
00016;944;0.5
00016;970;0.25
00016;974;0.25
00016;984;0.5
00016;990;0.25
00016;991;0.25
00016;993;1.5
00016;994;0.25
00016;1000;0.75
00016;1002;0.5
00016;1016;0.75
00016;1017;1.5
00016;1023;0.5
00016;1033;0.25
00016;1037;0.25
00016;1051;0.25
00016;1066;0.25
00016;1076;0.25
00016;1080;0.5
00016;1098;0.5
00016;1101;0.5
00016;1115;0.5
00016;1135;0.25
00016;1154;1.0
00016;1158;0.25
00016;1189;0.25
00016;1192;1.0
00016;1226;1.25
00016;1232;0.25
00016;1234;0.5
00017;49;1.75
00017;89;1.25
00017;101;0.25
00017;128;0.25
00017;132;0.25
00017;135;0.25
00017;153;0.5
00017;189;0.25
00017;233;0.25
00017;238;0.25
00017;297;0.25
00017;298;0.25
00017;301;0.5
00017;330;0.25
00017;333;0.25
00017;357;1.0
00017;359;1.0
00017;370;0.75
00017;428;0.75
00017;443;0.5
00017;450;0.25
00017;506;0.25
00017;643;0.5
00017;660;0.25
00017;662;1.25
00017;688;1.75
00017;722;0.25
00017;729;0.25
00017;730;0.5
00017;731;0.5
00017;735;0.5
00017;791;1.5
00017;810;1.5
00017;816;0.75
00017;837;0.25
00017;839;0.25
00017;845;0.25
00017;882;0.5
00017;889;0.5
00017;897;0.25
00017;937;0.25
00017;938;0.25
00017;941;0.5
00017;944;0.5
00017;1000;0.25
00017;1023;0.25
00017;1040;0.25
00017;1069;0.25
00017;1080;0.25
00017;1088;0.5
00017;1101;1.75
00017;1103;1.0
00017;1115;0.25
00017;1187;0.25
00017;1234;0.25
00018;129;1.75
00018;153;0.25
00018;205;1.25
00018;226;0.5
00018;364;0.25
00018;370;0.5
00018;414;0.5
00018;424;0.75
00018;443;0.25
00018;642;0.25
00018;656;0.5
00018;657;0.5
00018;658;0.5
00018;660;0.5
00018;725;0.75
00018;816;0.25
00018;935;0.5
00018;993;0.75
00018;994;0.25
00018;1016;1.0
00018;1162;0.5
00019;21;1.5
00019;49;0.25
00019;359;0.75
00019;370;0.5
00019;398;0.25
00019;432;1.5
00019;455;0.25
00019;487;2.0
00019;506;2.0
00019;618;2.0
00019;626;2.0
00019;672;1.75
00019;688;2.0
00019;693;2.0
00019;897;2.0
00019;936;0.25
00019;944;0.25
00019;1000;0.25
00019;1049;1.75
00019;1103;2.0
00019;1129;0.25
00019;1205;0.25
00020;126;1.5
00020;133;0.5
00020;153;0.5
00020;181;0.25
00020;207;1.75
00020;208;1.75
00020;220;1.75
00020;278;1.25
00020;283;0.5
00020;286;1.25
00020;287;1.25
00020;288;0.5
00020;290;1.25
00020;292;1.25
00020;370;0.5
00020;443;0.25
00020;538;1.75
00020;539;1.25
00020;540;2.0
00020;544;1.25
00020;604;0.25
00020;643;0.25
00020;711;1.0
00020;715;0.75
00020;731;0.25
00020;758;2.0
00020;767;0.25
00020;791;0.25
00020;823;2.0
00020;824;0.5
00020;882;0.5
00020;919;0.25
00020;924;2.0
00020;928;0.25
00020;944;0.25
00020;962;2.0
00020;970;0.5
00020;1066;2.0
00020;1080;0.25
00020;1115;2.0
00020;1168;2.0
00020;1189;0.25
00020;1213;2.0
00020;1215;2.0
00020;1234;0.5
00020;1239;1.0
00021;68;1.5
00021;97;0.5
00021;98;0.75
00021;181;0.25
00021;251;1.5
00021;413;0.25
00021;416;0.25
00021;434;0.25
00021;443;0.5
00021;551;0.25
00021;615;0.25
00021;676;0.25
00021;708;1.75
00021;709;2.0
00021;719;0.5
00021;722;0.25
00021;751;0.25
00021;756;0.25
00021;757;0.25
00021;932;0.25
00021;941;0.75
00021;1098;0.5
00021;1115;1.5
00021;1158;1.75
00021;1189;0.25
00022;13;2.0
00022;39;0.75
00022;67;0.25
00022;69;0.25
00022;104;0.25
00022;130;2.0
00022;189;0.25
00022;197;0.25
00022;221;0.25
00022;226;0.25
00022;237;0.5
00022;247;0.25
00022;258;1.75
00022;262;1.5
00022;276;2.0
00022;322;0.25
00022;325;0.25
00022;333;0.25
00022;342;0.5
00022;343;0.5
00022;350;0.25
00022;365;0.25
00022;370;1.0
00022;392;0.25
00022;431;1.25
00022;464;0.25
00022;465;0.25
00022;473;1.25
00022;478;1.25
00022;503;0.75
00022;510;0.5
00022;512;0.5
00022;514;0.5
00022;586;0.25
00022;590;0.5
00022;654;0.5
00022;671;0.75
00022;682;0.25
00022;692;2.0
00022;704;1.25
00022;713;0.25
00022;729;0.25
00022;731;0.5
00022;735;0.25
00022;764;1.5
00022;774;0.5
00022;788;0.75
00022;843;0.75
00022;845;0.5
00022;871;0.5
00022;880;1.0
00022;881;0.75
00022;882;0.5
00022;888;0.5
00022;898;1.75
00022;908;1.0
00022;942;0.25
00022;946;0.25
00022;968;0.25
00022;1000;0.5
00022;1033;0.25
00022;1040;0.25
00022;1083;1.5
00022;1093;0.25
00022;1114;0.75
00022;1144;0.25
00022;1156;1.0
00022;1166;0.5
00022;1194;1.25
00022;1195;0.25
00023;9;1.75
00023;10;1.75
00023;11;0.5
00023;12;1.75
00023;34;2.0
00023;42;2.0
00023;99;1.25
00023;162;0.25
00023;163;0.25
00023;167;0.25
00023;198;0.25
00023;248;0.25
00023;285;0.25
00023;322;0.5
00023;350;0.5
00023;370;0.75
00023;426;1.75
00023;434;1.5
00023;464;0.25
00023;509;2.0
00023;541;2.0
00023;582;0.5
00023;583;0.25
00023;598;0.5
00023;716;0.75
00023;780;0.25
00023;859;1.25
00023;883;0.25
00023;888;0.75
00023;979;2.0
00023;984;0.5
00023;1096;0.5
00023;1114;2.0
00023;1156;0.25
00023;1163;0.25
00024;32;0.5
00024;72;0.25
00024;199;0.25
00024;207;0.25
00024;210;1.5
00024;240;0.25
00024;254;1.25
00024;331;0.25
00024;370;0.25
00024;377;0.25
00024;411;0.25
00024;477;0.25
00024;492;0.25
00024;522;0.25
00024;552;0.5
00024;559;0.25
00024;611;0.5
00024;647;2.0
00024;677;0.25
00024;724;0.5
00024;763;0.25
00024;858;0.25
00024;913;2.0
00024;915;1.5
00024;926;1.5
00024;934;0.25
00024;1000;0.25
00024;1031;0.75
00024;1109;2.0
00024;1195;1.25
00024;1232;0.25
00025;72;1.5
00025;74;1.0
00025;83;0.75
00025;84;0.5
00025;106;1.0
00025;112;0.25
00025;120;0.75
00025;141;0.25
00025;162;0.5
00025;172;0.25
00025;198;1.0
00025;221;0.25
00025;276;0.25
00025;370;0.5
00025;390;0.25
00025;392;0.25
00025;411;1.25
00025;415;0.25
00025;425;0.25
00025;431;2.0
00025;432;0.5
00025;464;0.25
00025;465;1.0
00025;503;1.25
00025;505;0.25
00025;530;0.25
00025;550;0.25
00025;559;0.25
00025;566;0.25
00025;568;0.25
00025;569;0.75
00025;622;0.25
00025;647;1.75
00025;855;0.25
00025;858;1.25
00025;875;0.25
00025;880;0.5
00025;881;0.75
00025;891;0.25
00025;913;2.0
00025;915;0.25
00025;926;1.5
00025;949;0.25
00025;977;0.25
00025;1027;0.25
00025;1031;0.25
00025;1083;0.25
00025;1156;0.5
00025;1194;1.25
00025;1195;1.25
00025;1210;0.25
00026;74;0.5
00026;104;1.75
00026;199;2.0
00026;221;0.25
00026;281;2.0
00026;285;1.5
00026;328;1.25
00026;333;0.25
00026;342;1.0
00026;343;0.5
00026;370;0.25
00026;392;0.25
00026;431;2.0
00026;434;0.25
00026;442;0.5
00026;465;0.25
00026;485;0.25
00026;488;0.25
00026;490;0.25
00026;610;1.75
00026;617;2.0
00026;665;1.25
00026;713;0.25
00026;774;0.5
00026;807;1.5
00026;855;0.25
00026;881;0.75
00026;942;0.75
00026;1061;2.0
00026;1144;2.0
00026;1166;1.5
00026;1194;1.25
00026;1195;0.25
00027;98;1.0
00027;179;0.25
00027;599;2.0
00027;756;0.5
00027;858;0.25
00027;905;1.75
00027;912;0.25
00027;913;0.5
00027;1000;0.25
00027;1083;0.25
00027;1096;0.5
00028;134;0.25
00028;135;0.75
00028;136;0.25
00028;215;1.25
00028;274;0.25
00028;300;0.5
00028;322;0.5
00028;331;0.25
00028;333;0.25
00028;343;0.25
00028;351;1.5
00028;352;1.5
00028;370;1.25
00028;392;0.25
00028;398;0.25
00028;465;0.25
00028;467;0.25
00028;477;1.5
00028;510;0.25
00028;550;0.25
00028;559;0.25
00028;586;0.25
00028;611;0.25
00028;665;0.25
00028;722;1.0
00028;724;0.75
00028;729;0.25
00028;735;0.25
00028;759;1.25
00028;763;0.75
00028;822;1.5
00028;832;0.25
00028;837;0.25
00028;875;0.25
00028;882;0.5
00028;913;0.25
00028;937;0.25
00028;942;0.5
00028;944;0.25
00028;969;0.25
00028;990;0.5
00028;1000;1.0
00028;1033;0.75
00028;1040;0.75
00028;1083;1.25
00028;1093;0.75
00028;1187;0.25
00028;1192;0.75
00028;1222;0.25
00028;1226;0.25
00028;1234;0.75
00029;15;1.0
00029;100;0.25
00029;215;1.75
00029;274;2.0
00029;300;1.75
00029;322;2.0
00029;333;0.5
00029;343;0.25
00029;350;0.5
00029;351;1.75
00029;352;1.75
00029;353;1.5
00029;370;1.25
00029;385;0.25
00029;392;0.25
00029;434;0.25
00029;442;0.25
00029;477;1.0
00029;510;0.25
00029;553;0.25
00029;687;0.25
00029;714;0.75
00029;722;1.0
00029;724;0.75
00029;729;0.25
00029;759;1.75
00029;763;1.0
00029;764;0.25
00029;788;0.25
00029;822;0.75
00029;832;1.75
00029;837;0.25
00029;875;0.25
00029;937;0.25
00029;942;0.5
00029;944;1.0
00029;1000;0.25
00029;1033;0.25
00029;1040;0.5
00029;1083;0.5
00029;1093;0.25
00029;1184;0.25
00029;1192;1.5
00029;1234;0.75
00030;117;0.5
00030;328;0.5
00030;332;0.25
00030;433;1.75
00030;492;0.25
00030;557;0.5
00030;586;1.5
00030;687;0.25
00030;775;0.25
00030;880;1.5
00030;881;0.25
00030;911;1.75
00030;942;0.5
00030;1001;0.5
00030;1084;0.25
00030;1224;1.5
00030;1234;0.25
00031;43;2.0
00031;69;0.25
00031;127;1.25
00031;128;0.25
00031;136;0.75
00031;145;0.5
00031;168;0.5
00031;189;1.25
00031;213;0.25
00031;226;1.5
00031;239;2.0
00031;272;0.25
00031;330;1.0
00031;331;0.5
00031;332;2.0
00031;359;0.25
00031;370;1.0
00031;389;0.25
00031;433;2.0
00031;448;1.75
00031;467;2.0
00031;512;0.25
00031;550;0.25
00031;551;0.5
00031;557;2.0
00031;586;2.0
00031;620;0.5
00031;628;0.75
00031;651;1.75
00031;701;0.5
00031;722;0.5
00031;724;0.25
00031;729;0.5
00031;735;0.25
00031;760;2.0
00031;762;0.25
00031;764;0.25
00031;839;1.5
00031;845;2.0
00031;882;1.25
00031;937;0.5
00031;938;1.5
00031;940;0.5
00031;942;1.0
00031;944;0.25
00031;999;2.0
00031;1000;0.5
00031;1020;1.75
00031;1022;1.75
00031;1036;1.5
00031;1040;1.0
00031;1084;2.0
00031;1093;0.5
00031;1187;0.5
00031;1224;1.0
00031;1232;0.25
00031;1233;2.0
00031;1234;0.75
00032;43;0.25
00032;127;0.25
00032;128;0.25
00032;181;0.25
00032;184;2.0
00032;189;0.5
00032;212;0.5
00032;226;0.25
00032;239;0.5
00032;315;0.25
00032;330;0.25
00032;331;0.25
00032;370;0.25
00032;389;1.25
00032;433;1.25
00032;467;0.25
00032;473;0.25
00032;489;0.25
00032;506;0.25
00032;586;0.75
00032;722;1.5
00032;735;0.25
00032;764;0.25
00032;882;0.25
00032;937;0.25
00032;999;0.25
00032;1040;0.5
00032;1093;0.25
00032;1220;0.25
00032;1234;0.5
00033;37;0.5
00033;65;0.25
00033;91;2.0
00033;94;1.5
00033;96;0.25
00033;210;1.5
00033;225;0.75
00033;297;0.25
00033;359;0.75
00033;370;1.5
00033;403;1.75
00033;404;0.5
00033;413;0.5
00033;465;2.0
00033;515;0.25
00033;612;2.0
00033;637;1.5
00033;638;1.5
00033;663;0.25
00033;719;0.25
00033;721;2.0
00033;731;0.25
00033;763;0.5
00033;764;0.5
00033;773;0.25
00033;793;0.25
00033;795;0.25
00033;797;1.25
00033;811;2.0
00033;818;1.5
00033;822;0.25
00033;825;2.0
00033;846;0.25
00033;882;0.25
00033;888;0.75
00033;889;0.5
00033;916;2.0
00033;920;1.75
00033;927;1.5
00033;978;1.0
00033;981;0.25
00033;995;1.25
00033;996;2.0
00033;1000;0.25
00033;1023;0.25
00033;1052;2.0
00033;1072;0.25
00033;1098;0.25
00033;1105;2.0
00033;1113;2.0
00033;1122;1.25
00033;1123;1.0
00033;1183;1.5
00033;1186;1.75
00033;1189;0.5
00033;1215;0.25
00033;1234;1.75
00034;37;2.0
00034;65;1.75
00034;76;0.5
00034;77;0.25
00034;94;0.5
00034;135;0.25
00034;225;0.5
00034;235;0.25
00034;236;0.25
00034;247;0.25
00034;261;1.75
00034;277;0.25
00034;297;0.25
00034;359;0.25
00034;403;1.75
00034;404;2.0
00034;465;2.0
00034;471;1.75
00034;552;0.25
00034;627;0.25
00034;637;2.0
00034;638;2.0
00034;721;2.0
00034;773;1.5
00034;795;2.0
00034;817;2.0
00034;818;0.25
00034;825;0.25
00034;846;2.0
00034;916;1.75
00034;933;0.25
00034;941;0.25
00034;944;0.25
00034;995;2.0
00034;1000;0.25
00034;1023;0.25
00034;1052;0.5
00034;1186;0.25
00034;1234;0.25
00035;32;0.25
00035;120;0.25
00035;210;2.0
00035;811;1.0
00035;825;0.25
00035;888;0.25
00035;913;1.0
00035;915;1.25
00035;920;0.25
00035;926;0.25
00035;948;0.25
00035;1105;0.25
00035;1109;2.0
00035;1119;0.25
00036;66;0.25
00036;325;0.25
00036;370;0.5
00036;403;0.5
00036;612;1.25
00036;721;0.25
00036;722;1.5
00036;724;0.25
00036;1052;1.5
00037;3;1.5
00037;4;0.25
00037;28;1.25
00037;33;2.0
00037;35;1.75
00037;38;2.0
00037;65;0.5
00037;71;1.0
00037;76;0.75
00037;116;0.25
00037;119;0.25
00037;120;1.75
00037;131;2.0
00037;148;0.25
00037;150;0.25
00037;158;2.0
00037;175;2.0
00037;203;1.75
00037;220;0.25
00037;225;2.0
00037;231;0.75
00037;233;0.25
00037;234;2.0
00037;238;0.5
00037;247;1.5
00037;280;1.5
00037;291;0.25
00037;294;0.25
00037;318;2.0
00037;319;1.25
00037;333;1.0
00037;334;0.5
00037;342;0.25
00037;345;0.25
00037;370;0.75
00037;378;1.75
00037;379;2.0
00037;380;2.0
00037;392;0.25
00037;403;0.25
00037;428;0.5
00037;433;0.25
00037;443;0.25
00037;465;2.0
00037;470;1.5
00037;476;1.5
00037;482;2.0
00037;483;2.0
00037;491;2.0
00037;492;2.0
00037;510;0.25
00037;512;0.25
00037;514;0.25
00037;596;0.25
00037;600;2.0
00037;627;1.25
00037;671;0.25
00037;697;2.0
00037;711;0.25
00037;712;1.75
00037;717;2.0
00037;721;0.25
00037;731;0.5
00037;774;0.75
00037;776;0.25
00037;815;2.0
00037;817;1.75
00037;818;0.25
00037;831;1.75
00037;835;1.75
00037;849;2.0
00037;866;1.0
00037;871;0.75
00037;877;2.0
00037;888;0.25
00037;930;1.75
00037;933;1.0
00037;941;0.25
00037;942;1.25
00037;944;0.25
00037;946;2.0
00037;991;1.75
00037;1008;2.0
00037;1011;0.75
00037;1014;2.0
00037;1028;2.0
00037;1080;0.25
00037;1126;2.0
00037;1128;1.75
00037;1130;0.25
00037;1131;1.5
00037;1133;2.0
00037;1135;0.75
00037;1174;1.75
00037;1176;2.0
00037;1178;1.75
00037;1182;1.75
00037;1234;1.5
00038;14;1.75
00038;76;0.25
00038;117;0.5
00038;142;0.25
00038;252;0.25
00038;360;1.75
00038;370;0.25
00038;390;2.0
00038;392;0.25
00038;444;0.25
00038;465;1.5
00038;503;0.25
00038;505;0.25
00038;510;0.25
00038;572;0.25
00038;573;0.25
00038;621;0.25
00038;622;0.5
00038;627;0.25
00038;634;1.5
00038;644;1.25
00038;646;0.5
00038;666;0.5
00038;702;0.5
00038;729;0.25
00038;776;0.25
00038;786;0.25
00038;856;0.25
00038;862;0.25
00038;866;0.25
00038;873;0.75
00038;881;0.25
00038;882;0.5
00038;888;0.25
00038;971;1.5
00038;990;0.5
00038;1001;0.25
00038;1024;0.5
00038;1027;0.25
00038;1029;0.25
00038;1059;0.25
00038;1066;0.25
00038;1068;1.75
00038;1072;0.25
00038;1075;0.25
00038;1130;1.75
00038;1136;1.75
00038;1140;1.5
00038;1146;0.5
00038;1148;0.5
00038;1160;0.5
00038;1230;0.25
00038;1234;1.0
00039;3;0.25
00039;67;0.25
00039;74;0.25
00039;76;0.25
00039;83;1.5
00039;84;0.25
00039;85;1.75
00039;102;0.25
00039;107;0.25
00039;108;0.5
00039;112;0.5
00039;135;0.25
00039;143;0.25
00039;216;1.75
00039;217;1.75
00039;218;1.75
00039;219;1.75
00039;221;1.75
00039;222;1.5
00039;225;2.0
00039;226;0.25
00039;230;0.75
00039;233;0.25
00039;235;1.75
00039;236;1.75
00039;244;0.25
00039;248;0.25
00039;249;1.5
00039;252;0.75
00039;254;0.5
00039;263;0.75
00039;276;0.25
00039;277;1.75
00039;289;1.5
00039;293;1.5
00039;297;0.25
00039;301;0.25
00039;304;1.5
00039;306;0.25
00039;307;0.5
00039;308;0.5
00039;338;1.75
00039;342;0.5
00039;343;0.5
00039;356;0.75
00039;360;0.25
00039;365;0.25
00039;366;0.25
00039;370;0.25
00039;392;0.25
00039;404;0.5
00039;407;1.75
00039;412;1.0
00039;420;1.5
00039;433;0.75
00039;453;0.25
00039;465;0.5
00039;470;1.5
00039;488;0.5
00039;490;0.25
00039;494;0.5
00039;503;0.25
00039;505;0.75
00039;508;0.5
00039;510;0.5
00039;529;0.75
00039;530;0.25
00039;532;0.25
00039;534;0.5
00039;535;0.25
00039;553;1.0
00039;560;1.75
00039;563;0.5
00039;564;0.5
00039;565;0.25
00039;566;0.25
00039;567;0.5
00039;568;0.25
00039;569;0.25
00039;570;0.5
00039;571;0.5
00039;572;0.25
00039;573;0.75
00039;576;0.25
00039;584;1.5
00039;586;0.25
00039;608;0.5
00039;610;0.25
00039;619;1.5
00039;621;0.25
00039;622;0.5
00039;627;0.25
00039;639;1.75
00039;645;1.25
00039;646;0.5
00039;647;0.25
00039;652;0.25
00039;654;1.5
00039;702;0.5
00039;716;0.75
00039;729;0.25
00039;738;0.5
00039;739;0.5
00039;740;0.5
00039;744;0.25
00039;746;0.5
00039;749;0.25
00039;776;0.25
00039;777;0.5
00039;786;0.5
00039;845;0.25
00039;849;0.25
00039;851;1.5
00039;862;0.25
00039;869;0.75
00039;873;1.5
00039;881;0.5
00039;882;0.5
00039;888;0.25
00039;889;0.25
00039;892;0.25
00039;902;0.25
00039;918;0.5
00039;942;0.25
00039;944;0.25
00039;949;0.75
00039;966;0.75
00039;971;1.75
00039;990;0.5
00039;1001;0.5
00039;1026;0.25
00039;1027;0.5
00039;1029;0.5
00039;1044;0.25
00039;1066;0.25
00039;1070;0.25
00039;1072;0.25
00039;1076;0.25
00039;1096;0.25
00039;1127;0.75
00039;1135;0.25
00039;1136;0.25
00039;1137;1.5
00039;1139;1.75
00039;1140;0.25
00039;1141;1.5
00039;1146;0.5
00039;1148;0.5
00039;1160;0.25
00039;1161;0.25
00039;1185;0.25
00039;1194;0.25
00039;1209;0.25
00039;1210;0.25
00039;1211;0.75
00039;1222;0.25
00039;1224;0.25
00039;1225;1.25
00039;1230;0.75
00039;1234;1.25
00039;1236;0.25
00039;1238;0.5
00040;2;0.25
00040;3;1.75
00040;4;1.75
00040;5;0.25
00040;9;0.25
00040;10;0.25
00040;17;0.25
00040;28;1.75
00040;32;0.25
00040;35;0.25
00040;76;0.25
00040;77;1.5
00040;95;1.0
00040;103;0.25
00040;105;0.25
00040;108;0.25
00040;109;0.5
00040;112;0.25
00040;115;0.25
00040;116;1.5
00040;119;0.5
00040;120;0.25
00040;132;0.25
00040;142;0.25
00040;144;0.25
00040;150;0.75
00040;151;0.5
00040;169;0.25
00040;173;0.25
00040;189;0.25
00040;198;0.25
00040;210;0.25
00040;225;1.75
00040;231;1.75
00040;233;2.0
00040;235;0.25
00040;236;0.25
00040;240;1.0
00040;248;0.25
00040;249;0.25
00040;252;0.75
00040;254;1.5
00040;261;0.25
00040;263;0.25
00040;277;1.5
00040;279;0.25
00040;289;0.25
00040;291;0.25
00040;293;0.5
00040;294;0.75
00040;297;0.25
00040;298;0.25
00040;304;0.25
00040;308;0.25
00040;333;0.25
00040;338;0.25
00040;344;0.5
00040;345;0.25
00040;351;0.25
00040;352;0.25
00040;370;0.5
00040;392;0.25
00040;404;1.75
00040;405;1.75
00040;407;0.25
00040;413;0.25
00040;417;0.75
00040;420;0.75
00040;434;0.25
00040;465;2.0
00040;478;0.25
00040;479;1.25
00040;508;0.5
00040;510;0.25
00040;515;0.25
00040;526;0.25
00040;529;0.25
00040;532;0.25
00040;535;0.25
00040;553;0.25
00040;560;0.5
00040;571;0.25
00040;572;0.25
00040;573;0.5
00040;576;0.25
00040;583;0.25
00040;613;0.25
00040;616;0.25
00040;619;0.25
00040;645;0.25
00040;646;0.25
00040;654;0.25
00040;673;0.25
00040;677;0.25
00040;731;0.25
00040;735;0.25
00040;763;0.25
00040;780;0.25
00040;785;1.75
00040;786;1.75
00040;815;1.5
00040;849;0.25
00040;851;0.25
00040;852;0.25
00040;869;0.25
00040;882;0.25
00040;888;0.25
00040;899;1.0
00040;931;0.25
00040;941;1.0
00040;942;0.25
00040;949;0.25
00040;954;0.5
00040;956;0.25
00040;959;0.25
00040;1000;0.25
00040;1008;1.75
00040;1024;0.25
00040;1027;0.25
00040;1029;0.25
00040;1052;0.5
00040;1080;0.5
00040;1100;1.5
00040;1105;0.5
00040;1109;0.25
00040;1117;1.5
00040;1124;1.25
00040;1126;0.25
00040;1127;0.75
00040;1128;0.25
00040;1130;0.25
00040;1131;0.5
00040;1132;0.25
00040;1133;0.5
00040;1135;1.5
00040;1137;1.25
00040;1139;1.25
00040;1141;1.0
00040;1146;0.25
00040;1148;0.25
00040;1160;0.5
00040;1161;0.25
00040;1192;0.25
00040;1193;1.25
00040;1230;1.0
00040;1234;2.0
00041;46;0.25
00041;296;0.25
00041;301;0.25
00041;322;0.25
00041;370;0.25
00041;392;0.25
00041;603;1.75
00041;941;0.25
00041;998;0.5
00041;1106;2.0
00041;1107;2.0
00041;1108;2.0
00041;1115;1.5
00041;1184;0.25
00041;1190;2.0
00042;5;0.25
00042;46;0.25
00042;57;2.0
00042;92;1.75
00042;135;0.25
00042;209;2.0
00042;245;0.75
00042;297;0.25
00042;301;1.25
00042;314;0.25
00042;317;2.0
00042;322;0.25
00042;337;1.5
00042;339;0.25
00042;370;0.5
00042;416;1.75
00042;434;0.25
00042;443;1.5
00042;489;0.25
00042;505;1.75
00042;509;0.25
00042;550;0.25
00042;585;2.0
00042;586;0.25
00042;601;0.25
00042;695;2.0
00042;719;0.25
00042;722;0.5
00042;724;0.25
00042;731;0.25
00042;763;0.25
00042;764;0.25
00042;770;0.25
00042;822;0.25
00042;837;0.25
00042;888;0.25
00042;931;0.75
00042;944;0.25
00042;1000;0.25
00042;1033;0.25
00042;1040;0.25
00042;1085;0.75
00042;1093;0.25
00042;1187;0.25
00042;1192;0.25
00042;1232;0.25
00042;1234;0.5
00043;3;0.25
00043;4;0.25
00043;28;0.25
00043;54;1.25
00043;65;0.25
00043;66;1.75
00043;91;0.25
00043;94;0.25
00043;119;0.75
00043;124;1.5
00043;125;2.0
00043;135;0.25
00043;137;0.5
00043;140;2.0
00043;147;0.25
00043;172;2.0
00043;173;1.25
00043;199;0.25
00043;221;0.25
00043;261;0.5
00043;294;0.25
00043;301;0.25
00043;302;0.5
00043;303;1.25
00043;307;0.25
00043;308;0.25
00043;311;0.25
00043;324;0.25
00043;334;0.25
00043;361;0.25
00043;370;1.25
00043;386;0.25
00043;392;0.5
00043;404;0.25
00043;418;1.75
00043;430;0.25
00043;440;2.0
00043;441;2.0
00043;461;1.0
00043;471;0.25
00043;484;0.5
00043;490;0.25
00043;493;0.25
00043;504;2.0
00043;505;0.25
00043;522;0.5
00043;526;0.5
00043;527;0.25
00043;560;0.25
00043;562;0.25
00043;563;0.25
00043;568;2.0
00043;570;0.25
00043;571;0.25
00043;575;0.25
00043;636;0.25
00043;655;0.25
00043;693;0.25
00043;694;0.25
00043;707;0.25
00043;714;0.5
00043;733;0.25
00043;737;0.25
00043;741;0.25
00043;758;0.25
00043;793;0.25
00043;795;0.25
00043;817;0.25
00043;818;0.25
00043;864;0.25
00043;889;0.25
00043;891;0.5
00043;913;0.25
00043;916;0.25
00043;918;0.75
00043;921;1.0
00043;944;0.25
00043;958;0.75
00043;960;2.0
00043;966;0.5
00043;967;0.5
00043;975;0.5
00043;982;0.25
00043;997;0.25
00043;1000;0.5
00043;1080;0.25
00043;1093;0.25
00043;1094;0.25
00043;1121;0.25
00043;1156;0.25
00043;1167;0.5
00043;1172;0.5
00043;1184;0.25
00043;1185;0.25
00043;1199;0.75
00043;1200;1.5
00043;1209;0.25
00043;1216;0.25
00044;44;2.0
00044;45;0.25
00044;53;2.0
00044;67;1.25
00044;72;1.5
00044;74;2.0
00044;83;0.5
00044;84;1.25
00044;106;0.5
00044;108;0.25
00044;118;0.25
00044;121;0.25
00044;122;0.5
00044;124;2.0
00044;125;0.25
00044;135;0.25
00044;138;0.5
00044;142;0.25
00044;143;1.75
00044;154;1.75
00044;166;0.25
00044;171;1.75
00044;172;0.25
00044;190;2.0
00044;235;1.25
00044;236;1.5
00044;242;1.25
00044;243;1.25
00044;244;1.5
00044;257;0.5
00044;264;1.0
00044;269;1.75
00044;276;0.25
00044;297;0.25
00044;310;0.25
00044;312;2.0
00044;325;1.0
00044;336;1.25
00044;360;0.5
00044;370;0.25
00044;371;0.25
00044;381;0.25
00044;386;1.75
00044;390;1.75
00044;392;0.25
00044;399;1.25
00044;409;0.25
00044;411;2.0
00044;415;1.25
00044;430;0.5
00044;435;0.25
00044;436;1.5
00044;453;2.0
00044;465;0.25
00044;493;0.5
00044;495;2.0
00044;503;0.25
00044;504;2.0
00044;523;0.5
00044;528;1.75
00044;538;0.25
00044;548;2.0
00044;561;1.75
00044;563;0.25
00044;566;2.0
00044;567;2.0
00044;568;2.0
00044;569;1.5
00044;570;1.0
00044;572;1.0
00044;574;2.0
00044;575;2.0
00044;576;0.25
00044;590;0.25
00044;608;0.25
00044;621;2.0
00044;622;2.0
00044;623;2.0
00044;624;1.75
00044;625;2.0
00044;634;2.0
00044;636;2.0
00044;645;0.5
00044;647;1.5
00044;655;2.0
00044;666;1.25
00044;691;2.0
00044;702;2.0
00044;737;2.0
00044;743;2.0
00044;747;0.25
00044;750;2.0
00044;765;2.0
00044;766;2.0
00044;767;0.25
00044;786;2.0
00044;840;2.0
00044;841;0.75
00044;847;2.0
00044;850;2.0
00044;856;0.25
00044;858;1.5
00044;862;0.25
00044;873;2.0
00044;875;0.25
00044;951;2.0
00044;953;2.0
00044;961;0.25
00044;967;2.0
00044;971;1.5
00044;973;2.0
00044;1024;2.0
00044;1029;2.0
00044;1030;2.0
00044;1053;2.0
00044;1054;0.25
00044;1055;2.0
00044;1057;1.0
00044;1059;2.0
00044;1070;0.25
00044;1072;1.5
00044;1130;0.5
00044;1136;0.25
00044;1139;0.25
00044;1142;0.75
00044;1144;0.25
00044;1146;1.25
00044;1148;1.75
00044;1156;1.5
00044;1157;0.25
00044;1160;1.75
00044;1185;1.75
00044;1196;0.25
00044;1201;2.0
00044;1202;2.0
00044;1210;0.25
00044;1212;0.25
00044;1222;2.0
00044;1230;1.5
00044;1231;0.75
00045;278;0.25
00045;283;0.25
00045;286;0.25
00045;287;0.5
00045;288;0.25
00045;289;1.25
00045;290;0.75
00045;292;1.25
00045;293;1.25
00045;338;1.5
00045;538;1.25
00045;540;0.25
00045;715;0.25
00045;758;0.5
00045;803;1.75
00045;919;1.75
00045;924;1.75
00045;1050;0.25
00045;1159;2.0
00045;1168;0.25
00046;51;2.0
00046;53;2.0
00046;370;0.25
00046;410;0.5
00046;430;0.25
00046;500;0.25
00046;503;1.75
00046;516;1.25
00046;553;0.75
00046;568;0.25
00046;623;0.25
00046;702;1.75
00046;737;2.0
00046;854;1.0
00046;856;1.25
00046;857;0.5
00046;1196;0.25
00046;1212;1.25
00047;15;0.5
00047;57;0.25
00047;92;1.5
00047;118;0.25
00047;121;0.25
00047;125;0.25
00047;163;2.0
00047;165;0.5
00047;172;0.75
00047;183;0.25
00047;208;0.25
00047;209;1.5
00047;245;0.25
00047;259;0.25
00047;278;0.25
00047;279;0.25
00047;283;0.25
00047;286;0.25
00047;287;0.25
00047;295;1.5
00047;296;0.25
00047;301;1.0
00047;302;0.25
00047;317;1.5
00047;337;0.25
00047;361;0.25
00047;370;0.25
00047;406;1.75
00047;416;0.25
00047;436;0.25
00047;505;1.75
00047;508;1.25
00047;525;0.25
00047;585;1.5
00047;613;1.25
00047;684;2.0
00047;694;1.75
00047;695;1.25
00047;707;0.5
00047;781;0.25
00047;862;0.25
00047;868;0.25
00047;906;1.75
00047;928;0.25
00047;931;0.25
00047;971;0.25
00047;998;0.5
00047;1000;0.5
00047;1013;0.25
00047;1058;1.5
00047;1075;0.25
00047;1106;0.25
00047;1107;0.25
00047;1108;0.25
00047;1129;0.25
00047;1132;0.25
00047;1165;2.0
00047;1192;0.25
00047;1194;0.25
00047;1206;0.25
00048;44;0.5
00048;72;0.25
00048;74;0.25
00048;124;1.5
00048;143;0.5
00048;154;2.0
00048;190;0.25
00048;257;0.5
00048;312;0.25
00048;336;2.0
00048;386;0.25
00048;422;0.25
00048;436;2.0
00048;453;2.0
00048;493;0.5
00048;495;1.5
00048;523;1.5
00048;548;1.5
00048;566;0.25
00048;568;2.0
00048;576;2.0
00048;691;0.25
00048;765;0.25
00048;766;0.25
00048;786;0.25
00048;850;2.0
00048;967;0.5
00048;1142;1.5
00048;1201;0.25
00048;1231;1.75
00049;72;0.25
00049;84;0.25
00049;138;2.0
00049;143;2.0
00049;230;1.5
00049;313;2.0
00049;370;0.25
00049;392;0.5
00049;393;1.5
00049;430;0.25
00049;436;2.0
00049;440;0.25
00049;465;0.25
00049;493;2.0
00049;503;0.25
00049;504;1.75
00049;505;0.25
00049;523;1.5
00049;530;0.25
00049;553;0.25
00049;562;1.5
00049;563;1.5
00049;566;0.25
00049;568;1.5
00049;570;0.5
00049;586;0.25
00049;608;0.25
00049;624;2.0
00049;625;1.5
00049;691;1.5
00049;726;0.25
00049;743;1.5
00049;749;0.5
00049;953;1.75
00049;972;2.0
00049;1198;2.0
00050;44;0.25
00050;259;2.0
00050;309;0.25
00050;347;0.25
00050;435;2.0
00050;440;0.5
00050;495;2.0
00050;505;0.25
00050;543;0.25
00050;548;2.0
00050;568;0.5
00050;570;0.25
00050;575;0.25
00050;601;0.25
00050;634;0.25
00050;829;0.25
00050;848;2.0
00050;953;1.75
00050;961;2.0
00050;973;1.25
00050;1058;0.25
00050;1156;1.25
00050;1157;2.0
00050;1159;1.25
00050;1160;0.25
00051;1;0.25
00051;11;0.25
00051;14;0.25
00051;18;1.0
00051;19;1.0
00051;26;1.75
00051;44;1.0
00051;51;0.25
00051;55;0.25
00051;62;0.25
00051;63;0.25
00051;66;0.25
00051;67;1.25
00051;72;1.25
00051;83;0.25
00051;84;1.25
00051;85;2.0
00051;102;0.5
00051;107;1.0
00051;108;0.25
00051;112;1.75
00051;114;1.5
00051;122;2.0
00051;124;0.5
00051;135;0.25
00051;137;1.75
00051;141;2.0
00051;142;1.75
00051;177;0.25
00051;190;0.25
00051;191;1.5
00051;196;0.5
00051;200;0.25
00051;201;2.0
00051;214;2.0
00051;216;0.25
00051;217;0.25
00051;218;0.25
00051;219;0.25
00051;221;0.25
00051;222;0.25
00051;225;2.0
00051;230;0.25
00051;235;1.75
00051;236;1.5
00051;245;0.25
00051;249;2.0
00051;252;0.25
00051;254;1.25
00051;263;0.25
00051;264;0.5
00051;270;1.75
00051;276;0.25
00051;277;1.25
00051;279;0.75
00051;281;0.5
00051;289;0.25
00051;297;0.5
00051;302;1.75
00051;303;1.75
00051;304;1.75
00051;305;1.75
00051;306;2.0
00051;307;0.75
00051;308;1.25
00051;311;0.25
00051;322;0.25
00051;325;1.25
00051;333;0.75
00051;337;0.5
00051;343;0.25
00051;345;0.25
00051;355;0.25
00051;360;0.75
00051;365;1.5
00051;366;1.25
00051;370;1.25
00051;382;0.25
00051;383;1.0
00051;386;1.75
00051;391;0.5
00051;392;1.5
00051;400;1.5
00051;402;0.25
00051;407;1.75
00051;415;0.75
00051;417;0.5
00051;418;1.25
00051;419;1.25
00051;430;0.75
00051;435;0.25
00051;437;0.25
00051;440;0.25
00051;442;1.75
00051;444;2.0
00051;445;2.0
00051;465;1.75
00051;481;2.0
00051;484;1.5
00051;488;0.25
00051;490;2.0
00051;493;0.5
00051;494;1.75
00051;495;0.25
00051;498;1.5
00051;501;1.75
00051;502;0.25
00051;503;0.5
00051;504;2.0
00051;505;0.25
00051;510;0.25
00051;511;0.75
00051;517;0.5
00051;521;1.0
00051;526;0.25
00051;528;1.5
00051;529;1.5
00051;530;1.5
00051;531;1.5
00051;532;1.75
00051;534;1.5
00051;535;2.0
00051;548;0.25
00051;553;1.5
00051;560;2.0
00051;562;0.75
00051;563;1.5
00051;564;2.0
00051;565;2.0
00051;566;1.75
00051;568;1.75
00051;569;2.0
00051;570;1.75
00051;571;0.25
00051;572;2.0
00051;573;2.0
00051;574;2.0
00051;575;2.0
00051;576;0.25
00051;589;0.25
00051;590;0.5
00051;605;1.5
00051;608;1.75
00051;625;0.25
00051;627;0.25
00051;636;0.75
00051;639;0.5
00051;643;0.25
00051;646;2.0
00051;675;0.5
00051;681;1.5
00051;685;2.0
00051;707;0.25
00051;726;2.0
00051;733;0.25
00051;737;0.25
00051;738;2.0
00051;739;2.0
00051;740;2.0
00051;741;2.0
00051;744;2.0
00051;745;0.25
00051;746;2.0
00051;747;0.25
00051;748;2.0
00051;749;2.0
00051;779;0.5
00051;789;1.25
00051;790;0.25
00051;793;0.25
00051;827;2.0
00051;828;0.25
00051;829;1.5
00051;847;0.25
00051;852;0.25
00051;856;0.5
00051;857;0.25
00051;858;0.25
00051;861;0.25
00051;864;1.25
00051;865;0.5
00051;866;0.25
00051;868;0.25
00051;869;1.5
00051;875;0.25
00051;881;0.25
00051;889;0.25
00051;891;0.5
00051;892;1.75
00051;905;0.25
00051;918;2.0
00051;921;2.0
00051;925;0.5
00051;926;0.25
00051;933;0.25
00051;936;0.25
00051;949;2.0
00051;950;2.0
00051;954;1.25
00051;956;0.5
00051;957;2.0
00051;958;1.5
00051;966;1.75
00051;990;0.25
00051;991;0.25
00051;1001;0.25
00051;1024;1.0
00051;1026;2.0
00051;1027;0.25
00051;1044;1.5
00051;1057;0.25
00051;1065;0.25
00051;1070;0.5
00051;1074;0.75
00051;1076;2.0
00051;1079;0.25
00051;1091;0.5
00051;1120;1.25
00051;1127;0.25
00051;1135;0.25
00051;1137;0.25
00051;1139;0.25
00051;1141;0.25
00051;1156;1.5
00051;1167;1.75
00051;1196;1.25
00051;1198;0.25
00051;1199;0.25
00051;1200;1.75
00051;1202;0.25
00051;1203;1.75
00051;1204;1.75
00051;1207;1.75
00051;1208;2.0
00051;1209;2.0
00051;1210;1.25
00051;1211;1.75
00051;1212;1.75
00051;1234;0.5
00051;1236;1.75
00051;1238;1.25
00052;406;2.0
00052;505;0.25
00053;1;0.25
00053;11;0.5
00053;55;0.25
00053;81;0.25
00053;160;0.25
00053;188;0.25
00053;223;0.25
00053;228;0.25
00053;347;0.5
00053;370;0.25
00053;401;1.25
00053;432;1.5
00053;447;1.5
00053;505;0.25
00053;509;0.25
00053;577;0.75
00053;590;0.5
00053;767;0.5
00053;917;0.25
00053;987;1.75
00053;1170;1.0
00053;1228;0.75
00053;1229;0.75
00054;11;2.0
00054;23;0.25
00054;55;0.5
00054;187;0.75
00054;206;0.25
00054;211;2.0
00054;223;1.5
00054;228;2.0
00054;229;2.0
00054;333;0.5
00054;341;0.75
00054;347;0.75
00054;358;2.0
00054;369;1.5
00054;382;2.0
00054;394;1.25
00054;401;1.25
00054;402;1.75
00054;432;2.0
00054;485;1.5
00054;488;1.25
00054;505;0.5
00054;513;0.75
00054;547;0.25
00054;550;0.25
00054;552;0.5
00054;577;1.0
00054;590;0.5
00054;607;0.25
00054;613;0.25
00054;626;0.5
00054;631;1.75
00054;632;1.5
00054;716;0.75
00054;767;0.5
00054;771;0.25
00054;790;0.25
00054;793;0.25
00054;806;0.25
00054;812;1.75
00054;819;2.0
00054;860;0.5
00054;904;1.75
00054;905;0.25
00054;917;1.25
00054;941;0.5
00054;964;2.0
00054;990;0.5
00054;1003;0.5
00054;1005;1.75
00054;1007;1.75
00054;1013;0.5
00054;1048;1.75
00054;1060;2.0
00054;1099;0.25
00054;1134;1.5
00054;1163;1.75
00054;1164;1.0
00054;1169;1.75
00054;1171;0.25
00054;1192;0.25
00054;1237;0.25
00055;70;0.25
00055;232;0.5
00055;305;0.25
00055;347;0.25
00055;358;0.5
00055;391;1.0
00055;430;0.25
00055;432;1.75
00055;463;0.5
00055;505;0.5
00055;521;2.0
00055;530;1.75
00055;640;0.5
00055;675;0.25
00055;749;0.25
00055;779;0.5
00055;820;1.5
00055;828;1.0
00055;847;0.25
00055;890;0.5
00055;1056;0.25
00055;1070;0.5
00055;1156;0.25
00055;1205;1.0
00056;55;0.25
00056;89;0.5
00056;123;0.25
00056;135;0.25
00056;181;1.0
00056;185;0.5
00056;212;1.0
00056;288;0.5
00056;290;0.5
00056;292;0.5
00056;414;0.25
00056;424;0.25
00056;432;0.25
00056;443;0.25
00056;450;0.5
00056;758;0.25
00056;767;2.0
00056;783;0.25
00056;794;0.25
00056;919;0.25
00056;924;0.25
00056;925;0.25
00056;928;0.25
00056;970;0.25
00056;972;0.25
00056;1066;0.25
00056;1091;0.75
00056;1093;0.25
00056;1102;0.25
00056;1115;0.25
00056;1234;0.25
00056;1239;0.25
00057;1;1.75
00057;6;0.25
00057;8;0.25
00057;11;0.25
00057;62;0.25
00057;79;0.25
00057;80;0.25
00057;81;0.25
00057;160;0.5
00057;177;0.25
00057;178;0.75
00057;188;0.5
00057;200;0.25
00057;223;1.5
00057;228;0.25
00057;282;0.75
00057;346;1.25
00057;369;0.25
00057;370;0.75
00057;394;1.25
00057;397;0.25
00057;415;0.25
00057;432;1.25
00057;447;0.25
00057;513;0.25
00057;577;0.25
00057;588;1.5
00057;590;2.0
00057;668;0.25
00057;778;1.0
00057;784;0.25
00057;790;1.5
00057;812;0.5
00057;833;0.25
00057;860;1.0
00057;865;1.0
00057;890;0.5
00057;905;1.0
00057;983;1.25
00057;986;1.0
00057;987;1.25
00057;988;1.5
00057;989;0.5
00057;1086;0.25
00057;1090;0.25
00057;1091;0.5
00057;1095;1.0
00057;1170;0.5
00057;1171;0.5
00057;1173;1.0
00057;1203;0.5
00058;1;2.0
00058;6;2.0
00058;7;2.0
00058;43;0.25
00058;48;0.5
00058;55;1.25
00058;60;0.25
00058;62;1.5
00058;63;1.0
00058;80;1.75
00058;81;0.5
00058;82;1.25
00058;102;0.25
00058;111;0.25
00058;160;2.0
00058;164;0.25
00058;178;1.75
00058;179;1.0
00058;187;1.25
00058;188;1.5
00058;200;0.75
00058;223;1.75
00058;228;1.25
00058;229;1.25
00058;271;1.25
00058;282;0.5
00058;335;0.5
00058;346;1.75
00058;347;1.5
00058;366;0.25
00058;369;1.5
00058;370;0.5
00058;384;0.25
00058;392;0.25
00058;394;1.5
00058;397;0.25
00058;402;0.25
00058;415;0.5
00058;427;0.25
00058;429;0.25
00058;432;1.75
00058;447;1.75
00058;457;0.25
00058;463;0.25
00058;485;0.25
00058;505;1.0
00058;511;0.25
00058;513;0.75
00058;517;0.25
00058;550;0.25
00058;577;1.75
00058;588;1.75
00058;589;1.0
00058;590;2.0
00058;591;2.0
00058;609;0.25
00058;614;1.5
00058;631;1.25
00058;668;1.0
00058;748;0.25
00058;749;0.25
00058;769;1.25
00058;778;1.75
00058;784;0.75
00058;790;2.0
00058;805;0.25
00058;812;1.75
00058;820;0.25
00058;860;2.0
00058;865;1.75
00058;874;1.25
00058;890;1.75
00058;903;0.5
00058;905;1.5
00058;912;0.25
00058;917;1.5
00058;964;0.25
00058;983;2.0
00058;986;2.0
00058;987;2.0
00058;988;2.0
00058;989;2.0
00058;990;0.25
00058;1005;0.25
00058;1025;0.5
00058;1077;1.5
00058;1086;0.25
00058;1090;0.25
00058;1091;0.5
00058;1134;0.5
00058;1170;1.75
00058;1171;1.5
00058;1173;2.0
00058;1228;0.25
00058;1234;0.25
00059;1;0.5
00059;6;0.25
00059;11;0.25
00059;18;0.5
00059;45;0.25
00059;48;1.0
00059;55;2.0
00059;62;0.5
00059;63;0.5
00059;67;0.25
00059;79;0.25
00059;80;0.5
00059;81;0.75
00059;84;1.0
00059;102;1.25
00059;107;1.0
00059;110;0.25
00059;111;0.25
00059;122;0.5
00059;160;0.5
00059;164;0.25
00059;166;0.5
00059;177;0.25
00059;179;0.25
00059;187;0.5
00059;188;0.25
00059;191;1.0
00059;200;0.25
00059;214;1.25
00059;223;2.0
00059;228;1.25
00059;229;1.75
00059;245;0.25
00059;275;0.75
00059;279;1.25
00059;281;0.25
00059;284;1.5
00059;306;0.25
00059;333;0.25
00059;335;0.75
00059;346;0.5
00059;347;0.75
00059;365;1.25
00059;366;1.25
00059;369;0.25
00059;370;0.75
00059;382;0.25
00059;386;0.5
00059;392;0.5
00059;394;1.75
00059;397;1.5
00059;401;1.75
00059;402;2.0
00059;415;0.5
00059;425;0.25
00059;427;0.25
00059;430;0.25
00059;432;1.75
00059;442;0.25
00059;444;0.25
00059;447;0.5
00059;452;0.25
00059;465;0.25
00059;485;0.5
00059;504;0.25
00059;505;1.5
00059;509;1.5
00059;513;1.25
00059;521;0.5
00059;524;0.25
00059;530;0.5
00059;565;1.25
00059;572;0.75
00059;574;0.75
00059;577;2.0
00059;588;1.0
00059;590;1.0
00059;591;0.5
00059;607;0.25
00059;608;1.25
00059;609;0.25
00059;614;0.5
00059;631;0.5
00059;668;2.0
00059;670;1.5
00059;678;0.25
00059;679;0.25
00059;685;0.25
00059;689;1.25
00059;738;0.25
00059;748;0.25
00059;767;1.75
00059;769;0.25
00059;778;0.5
00059;784;1.75
00059;790;1.25
00059;812;2.0
00059;820;0.25
00059;827;0.5
00059;828;0.25
00059;833;1.5
00059;860;0.75
00059;865;1.75
00059;869;0.25
00059;874;0.75
00059;882;0.25
00059;903;1.0
00059;905;1.75
00059;912;0.25
00059;917;0.5
00059;936;1.5
00059;937;0.25
00059;964;0.25
00059;977;0.25
00059;983;0.75
00059;986;0.75
00059;987;0.5
00059;988;0.75
00059;989;2.0
00059;990;0.25
00059;1005;0.25
00059;1007;0.25
00059;1025;1.5
00059;1044;0.5
00059;1056;0.25
00059;1060;0.75
00059;1071;0.25
00059;1074;1.75
00059;1075;0.25
00059;1077;2.0
00059;1091;0.5
00059;1095;1.5
00059;1097;0.25
00059;1102;1.5
00059;1134;0.5
00059;1143;0.25
00059;1163;1.25
00059;1170;0.25
00059;1171;1.25
00059;1172;0.75
00059;1173;1.0
00059;1203;0.25
00059;1205;1.0
00059;1228;0.5
00059;1232;0.25
00060;17;0.5
00060;87;0.25
00060;100;2.0
00060;155;1.25
00060;241;1.5
00060;267;0.75
00060;322;1.0
00060;340;0.5
00060;348;2.0
00060;354;0.25
00060;370;0.25
00060;446;1.5
00060;519;0.5
00060;550;0.25
00060;587;1.25
00060;597;1.25
00060;653;0.5
00060;698;1.75
00060;722;0.25
00060;724;0.25
00060;751;0.25
00060;764;0.25
00060;990;0.75
00060;1000;0.25
00060;1004;2.0
00060;1040;0.25
00060;1041;0.75
00060;1043;0.75
00060;1046;0.5
00060;1047;0.75
00060;1104;0.25
00060;1110;0.75
00060;1192;0.5
00060;1194;0.25
00061;10;0.5
00061;56;0.25
00061;62;0.25
00061;63;0.25
00061;114;0.25
00061;132;0.25
00061;187;0.25
00061;195;2.0
00061;196;2.0
00061;197;0.25
00061;200;0.5
00061;226;0.25
00061;298;0.25
00061;347;0.25
00061;358;0.25
00061;370;1.0
00061;383;2.0
00061;427;0.25
00061;432;0.75
00061;434;0.25
00061;437;2.0
00061;439;0.25
00061;465;1.0
00061;481;0.75
00061;490;1.0
00061;498;0.75
00061;500;0.25
00061;501;2.0
00061;502;2.0
00061;505;2.0
00061;511;0.5
00061;517;0.25
00061;531;1.5
00061;532;0.25
00061;535;0.25
00061;565;0.25
00061;570;0.5
00061;590;0.5
00061;605;2.0
00061;668;0.25
00061;685;2.0
00061;726;0.25
00061;735;0.25
00061;738;0.25
00061;739;0.25
00061;741;0.25
00061;754;1.75
00061;763;0.25
00061;767;0.25
00061;827;0.25
00061;847;0.25
00061;864;0.25
00061;865;0.25
00061;875;0.25
00061;882;0.5
00061;912;0.25
00061;944;0.25
00061;969;1.75
00061;980;0.25
00061;990;0.5
00061;1040;0.25
00061;1079;1.5
00061;1092;0.5
00061;1093;0.5
00061;1098;0.25
00061;1188;0.25
00061;1207;0.25
00061;1208;0.25
00061;1234;0.25
00061;1236;0.25
00062;10;0.25
00062;17;1.5
00062;24;0.25
00062;43;0.25
00062;56;0.5
00062;60;0.25
00062;62;0.25
00062;63;0.75
00062;64;1.25
00062;69;0.25
00062;72;0.25
00062;88;0.25
00062;94;0.25
00062;110;0.25
00062;144;0.5
00062;148;2.0
00062;155;1.25
00062;160;0.25
00062;182;0.25
00062;192;1.25
00062;193;1.5
00062;194;1.25
00062;197;0.75
00062;200;0.5
00062;211;0.25
00062;224;0.25
00062;226;1.25
00062;237;0.25
00062;238;0.5
00062;244;0.25
00062;267;0.5
00062;297;0.5
00062;321;0.25
00062;322;0.25
00062;330;0.25
00062;331;0.75
00062;333;0.5
00062;340;0.25
00062;348;0.75
00062;349;0.25
00062;354;0.5
00062;358;0.25
00062;359;0.75
00062;370;1.75
00062;372;0.25
00062;382;0.5
00062;383;0.25
00062;427;0.25
00062;429;0.25
00062;434;0.25
00062;437;1.5
00062;438;1.75
00062;446;0.25
00062;458;0.25
00062;459;0.25
00062;460;0.25
00062;465;0.25
00062;472;0.25
00062;473;1.0
00062;479;0.25
00062;486;0.25
00062;505;0.25
00062;537;0.25
00062;539;0.25
00062;550;1.5
00062;551;0.25
00062;558;0.5
00062;559;0.25
00062;580;0.25
00062;586;0.25
00062;590;0.25
00062;607;1.5
00062;643;0.25
00062;663;0.5
00062;677;0.25
00062;698;0.75
00062;703;0.5
00062;704;0.25
00062;722;1.5
00062;724;0.75
00062;729;0.25
00062;731;0.25
00062;734;0.25
00062;735;0.25
00062;736;1.0
00062;761;0.5
00062;763;1.0
00062;764;0.5
00062;767;0.25
00062;768;0.75
00062;783;0.25
00062;787;0.25
00062;803;0.75
00062;804;0.25
00062;806;1.75
00062;819;0.25
00062;821;0.25
00062;822;0.5
00062;837;1.0
00062;842;1.75
00062;843;0.25
00062;844;0.5
00062;845;0.5
00062;870;0.25
00062;879;0.25
00062;880;0.25
00062;882;0.75
00062;885;0.25
00062;886;0.25
00062;888;0.75
00062;889;0.5
00062;904;0.75
00062;907;1.0
00062;912;0.25
00062;913;0.25
00062;914;0.25
00062;920;0.25
00062;937;0.25
00062;941;0.75
00062;944;0.25
00062;945;0.25
00062;964;0.25
00062;969;0.25
00062;990;0.75
00062;1000;0.75
00062;1022;0.25
00062;1023;0.75
00062;1032;0.25
00062;1033;0.25
00062;1038;0.25
00062;1039;0.25
00062;1040;0.5
00062;1042;0.25
00062;1071;0.25
00062;1073;1.75
00062;1080;0.5
00062;1093;0.25
00062;1104;0.25
00062;1151;1.25
00062;1192;0.25
00062;1195;0.25
00062;1214;1.0
00062;1232;0.25
00062;1234;0.5
00063;1;0.25
00063;23;0.25
00063;62;0.25
00063;63;0.25
00063;166;0.25
00063;322;0.5
00063;347;1.5
00063;370;0.25
00063;374;0.25
00063;429;2.0
00063;434;1.0
00063;437;0.25
00063;438;0.25
00063;463;2.0
00063;490;0.25
00063;499;1.5
00063;500;0.25
00063;501;0.25
00063;502;0.25
00063;505;0.25
00063;592;0.5
00063;669;0.25
00063;698;0.25
00063;704;0.25
00063;724;0.25
00063;763;0.25
00063;803;0.25
00063;805;0.5
00063;821;0.25
00063;922;0.25
00063;976;1.25
00063;980;0.25
00063;1040;0.25
00063;1091;0.25
00063;1155;2.0
00063;1171;1.0
00063;1192;1.0
00063;1228;1.25
00063;1229;1.25
00064;17;0.75
00064;20;0.5
00064;22;2.0
00064;24;0.25
00064;64;1.25
00064;144;0.5
00064;148;0.5
00064;155;0.25
00064;160;0.25
00064;197;0.5
00064;227;0.25
00064;267;0.25
00064;322;0.25
00064;331;0.25
00064;349;0.25
00064;358;0.25
00064;370;0.75
00064;372;2.0
00064;382;0.25
00064;434;0.25
00064;437;2.0
00064;472;0.25
00064;550;0.5
00064;590;0.25
00064;605;0.25
00064;606;0.25
00064;674;0.25
00064;698;0.25
00064;703;0.25
00064;722;0.25
00064;724;0.25
00064;768;0.25
00064;814;2.0
00064;842;2.0
00064;844;0.5
00064;882;0.25
00064;889;0.5
00064;907;0.25
00064;944;0.25
00064;963;0.5
00064;1000;0.5
00064;1033;0.25
00064;1038;2.0
00064;1067;0.25
00064;1071;0.25
00064;1076;0.25
00064;1091;0.5
00064;1093;0.5
00064;1188;0.25
00064;1195;2.0
00065;17;0.75
00065;20;1.5
00065;22;1.0
00065;24;1.75
00065;64;2.0
00065;87;0.75
00065;93;0.25
00065;132;0.25
00065;135;0.25
00065;144;2.0
00065;148;0.75
00065;155;1.75
00065;192;1.5
00065;194;2.0
00065;197;0.75
00065;206;1.25
00065;211;2.0
00065;224;0.25
00065;227;0.25
00065;238;0.25
00065;267;0.25
00065;297;0.25
00065;322;0.25
00065;323;0.5
00065;331;0.5
00065;341;0.75
00065;349;1.5
00065;358;0.25
00065;368;1.5
00065;370;1.5
00065;372;1.75
00065;383;0.25
00065;386;0.25
00065;387;1.75
00065;388;1.75
00065;437;2.0
00065;519;0.25
00065;539;0.25
00065;543;0.25
00065;546;0.25
00065;550;0.5
00065;578;2.0
00065;587;0.25
00065;597;0.5
00065;599;0.25
00065;606;1.0
00065;611;0.25
00065;629;0.25
00065;653;0.5
00065;674;1.75
00065;699;1.25
00065;722;1.0
00065;736;1.25
00065;763;0.25
00065;788;0.25
00065;803;0.25
00065;814;0.75
00065;819;0.25
00065;821;0.5
00065;833;0.25
00065;842;2.0
00065;882;0.25
00065;885;1.5
00065;886;1.5
00065;889;0.25
00065;904;1.5
00065;913;0.25
00065;963;0.25
00065;964;1.0
00065;990;0.5
00065;1000;0.5
00065;1006;0.25
00065;1007;1.25
00065;1038;2.0
00065;1042;0.25
00065;1045;1.0
00065;1046;1.75
00065;1048;0.5
00065;1067;1.0
00065;1073;2.0
00065;1092;0.5
00065;1093;0.25
00065;1099;1.25
00065;1149;0.25
00065;1150;0.25
00065;1151;1.5
00065;1153;0.25
00065;1164;0.25
00065;1188;0.25
00065;1195;1.5
00065;1214;0.25
00065;1232;0.25
00065;1234;0.5
00065;1237;1.75
00066;1;0.25
00066;10;0.25
00066;11;0.25
00066;13;0.25
00066;17;0.75
00066;22;0.5
00066;63;0.25
00066;100;1.25
00066;148;0.75
00066;155;0.25
00066;160;0.25
00066;166;0.25
00066;187;0.25
00066;200;0.75
00066;267;0.25
00066;322;2.0
00066;340;1.0
00066;348;1.75
00066;350;1.0
00066;370;1.75
00066;385;0.25
00066;427;0.25
00066;429;2.0
00066;434;1.75
00066;446;0.25
00066;463;1.25
00066;498;0.25
00066;558;0.5
00066;590;0.25
00066;605;0.25
00066;607;0.25
00066;630;0.25
00066;698;1.0
00066;722;0.5
00066;724;0.5
00066;731;0.25
00066;736;0.5
00066;763;0.75
00066;767;0.25
00066;771;0.25
00066;788;0.25
00066;821;0.75
00066;837;0.25
00066;882;0.5
00066;907;0.25
00066;912;0.25
00066;913;0.25
00066;944;0.75
00066;969;0.25
00066;976;0.25
00066;980;0.25
00066;990;0.5
00066;1004;0.25
00066;1098;0.25
00066;1104;0.25
00066;1109;0.25
00066;1134;0.25
00066;1155;1.25
00066;1192;2.0
00066;1194;0.5
00066;1195;0.25
00066;1214;0.25
00066;1226;0.25
00067;43;0.25
00067;61;0.25
00067;148;1.75
00067;354;0.25
00067;370;1.0
00067;472;1.25
00067;473;0.25
00067;519;0.25
00067;724;0.5
00067;764;0.25
00067;842;0.5
00067;910;1.25
00067;914;1.5
00067;1234;0.5
00068;11;0.25
00068;64;0.25
00068;90;1.25
00068;135;0.25
00068;195;1.5
00068;206;1.5
00068;297;0.25
00068;327;0.25
00068;331;0.25
00068;341;0.5
00068;349;1.75
00068;358;0.25
00068;359;0.25
00068;370;0.25
00068;437;0.25
00068;438;1.25
00068;543;2.0
00068;546;0.75
00068;550;0.25
00068;607;0.25
00068;632;0.25
00068;734;0.75
00068;819;0.25
00068;826;0.25
00068;838;0.25
00068;882;0.25
00068;889;0.5
00068;904;1.0
00068;913;0.25
00068;944;0.25
00068;964;1.25
00068;969;0.25
00068;1000;0.25
00068;1003;2.0
00068;1040;0.25
00068;1046;0.5
00068;1048;0.5
00068;1093;0.5
00068;1099;1.25
00068;1134;0.25
00068;1149;0.25
00068;1150;0.25
00068;1164;0.75
00068;1172;0.25
00068;1234;0.25
00069;193;2.0
00069;326;0.25
00069;327;0.5
00069;359;1.5
00069;363;1.75
00069;370;1.25
00069;438;1.75
00069;550;0.25
00069;703;2.0
00069;724;0.25
00069;837;0.25
00069;907;2.0
00069;944;0.75
00069;1000;1.0
00069;1234;0.75
00070;17;0.25
00070;327;0.5
00070;340;2.0
00070;370;1.25
00070;438;1.5
00070;698;2.0
00070;722;0.25
00070;804;2.0
00070;837;0.25
00070;944;0.75
00070;952;0.25
00070;1000;1.0
00070;1009;2.0
00070;1032;2.0
00070;1104;2.0
00070;1232;0.25
00070;1234;1.0
00071;11;0.25
00071;56;0.25
00071;148;2.0
00071;327;0.25
00071;370;0.25
00071;547;0.25
00072;58;0.75
00072;250;0.25
00072;323;1.5
00072;333;0.25
00072;682;1.75
00072;683;1.25
00072;732;2.0
00072;733;0.5
00072;837;0.25
00072;941;0.25
00072;1000;0.25
00072;1019;0.25
00072;1125;0.25
00073;50;2.0
00073;224;1.5
00073;227;2.0
00073;359;1.5
00073;370;1.0
00073;438;1.5
00073;629;1.5
00073;630;2.0
00073;724;0.25
00073;806;1.0
00073;843;2.0
00073;844;2.0
00073;990;0.25
00073;1000;0.25
00073;1093;0.5
00073;1228;0.25
00073;1229;0.25
00073;1234;0.25
00074;148;1.5
00074;370;0.25
00074;724;0.5
00074;910;1.75
00074;914;2.0
00074;1000;0.25
00074;1093;0.5
00075;100;0.25
00075;241;0.75
00075;273;0.5
00075;316;2.0
00075;348;0.5
00075;354;0.5
00075;359;1.0
00075;370;1.25
00075;446;2.0
00075;519;0.5
00075;587;0.5
00075;597;0.25
00075;751;0.5
00075;757;0.25
00075;837;0.25
00075;944;0.75
00075;1043;0.25
00075;1047;0.25
00075;1110;1.0
00075;1234;0.5
00075;1235;0.25
00076;329;0.25
00076;330;0.25
00076;359;0.5
00076;370;0.5
00076;437;1.75
00076;438;0.75
00076;606;2.0
00076;731;0.25
00076;882;0.25
00076;889;0.25
00076;1007;1.0
00076;1023;0.25
00076;1039;0.25
00076;1048;0.5
00076;1080;0.25
00076;1134;0.25
00076;1188;1.75
00077;25;0.5
00077;27;2.0
00077;31;0.25
00077;50;0.25
00077;90;1.5
00077;128;0.75
00077;135;0.5
00077;148;0.25
00077;168;0.25
00077;195;1.75
00077;197;0.25
00077;224;1.5
00077;226;0.25
00077;227;1.25
00077;267;0.25
00077;297;0.25
00077;298;0.25
00077;321;0.25
00077;323;2.0
00077;326;0.25
00077;327;1.5
00077;329;1.0
00077;330;0.75
00077;333;0.25
00077;359;1.5
00077;370;1.25
00077;428;0.25
00077;437;1.75
00077;438;1.75
00077;542;0.5
00077;546;2.0
00077;550;0.25
00077;551;0.25
00077;558;0.25
00077;586;0.25
00077;592;0.5
00077;629;2.0
00077;630;1.75
00077;663;0.25
00077;722;0.5
00077;724;0.25
00077;729;0.25
00077;731;0.5
00077;734;2.0
00077;735;0.5
00077;754;2.0
00077;806;0.25
00077;826;0.25
00077;837;0.25
00077;839;0.25
00077;843;1.75
00077;844;1.75
00077;845;0.5
00077;879;0.25
00077;882;0.5
00077;889;0.5
00077;912;0.25
00077;937;0.25
00077;939;1.25
00077;941;0.25
00077;944;0.5
00077;963;1.25
00077;990;0.5
00077;1006;2.0
00077;1012;2.0
00077;1023;0.25
00077;1034;2.0
00077;1035;2.0
00077;1040;0.25
00077;1080;0.25
00077;1092;0.5
00077;1093;0.5
00077;1134;0.25
00077;1138;1.5
00077;1149;1.25
00077;1150;1.0
00077;1152;1.75
00077;1153;1.75
00077;1188;0.25
00077;1220;2.0
00077;1232;0.25
00077;1234;1.0
00078;61;1.0
00078;65;0.25
00078;82;0.25
00078;90;0.25
00078;93;0.25
00078;135;0.25
00078;146;0.75
00078;152;0.5
00078;159;1.5
00078;161;0.25
00078;179;0.5
00078;184;0.25
00078;188;0.25
00078;238;0.25
00078;253;1.25
00078;255;1.75
00078;265;0.25
00078;282;0.5
00078;315;0.25
00078;320;2.0
00078;321;0.25
00078;326;0.25
00078;330;0.25
00078;333;0.25
00078;359;0.25
00078;370;0.75
00078;373;1.75
00078;427;0.5
00078;438;0.75
00078;451;0.25
00078;452;1.5
00078;459;1.25
00078;460;0.25
00078;479;0.25
00078;556;0.5
00078;648;0.25
00078;663;0.25
00078;680;2.0
00078;686;1.0
00078;696;0.25
00078;718;0.25
00078;722;0.25
00078;724;0.25
00078;731;0.25
00078;734;0.25
00078;753;0.25
00078;800;0.25
00078;802;1.75
00078;838;0.25
00078;884;0.25
00078;889;0.25
00078;912;0.25
00078;944;0.25
00078;945;0.25
00078;1010;0.5
00078;1015;0.25
00078;1019;0.25
00078;1021;2.0
00078;1042;0.5
00078;1065;0.25
00078;1069;0.25
00078;1071;0.75
00078;1078;0.5
00078;1081;0.5
00078;1086;0.5
00078;1089;0.5
00078;1090;0.5
00078;1091;1.0
00078;1093;0.5
00078;1111;2.0
00078;1112;0.25
00078;1118;0.25
00078;1179;0.75
00078;1180;0.75
00078;1181;2.0
00078;1227;0.5
00078;1234;0.5
00079;65;0.25
00079;75;0.25
00079;123;1.25
00079;132;0.25
00079;135;0.5
00079;146;0.5
00079;148;0.25
00079;179;0.25
00079;184;0.25
00079;255;0.25
00079;315;0.25
00079;320;1.5
00079;330;0.5
00079;333;0.25
00079;359;0.75
00079;370;0.25
00079;373;1.0
00079;384;1.25
00079;427;0.25
00079;438;1.25
00079;452;0.25
00079;648;1.25
00079;650;1.75
00079;663;0.25
00079;826;0.5
00079;829;0.25
00079;838;0.25
00079;882;0.25
00079;912;0.25
00079;923;1.0
00079;944;0.5
00079;945;1.25
00079;1000;0.25
00079;1010;0.25
00079;1023;0.25
00079;1065;0.25
00079;1082;1.25
00079;1089;0.25
00079;1091;0.5
00079;1112;2.0
00079;1179;0.5
00079;1181;2.0
00079;1234;0.5
00080;61;0.25
00080;135;0.25
00080;152;0.25
00080;159;0.5
00080;238;0.5
00080;330;0.25
00080;333;0.5
00080;427;0.25
00080;438;0.25
00080;451;0.25
00080;452;0.25
00080;453;0.25
00080;458;1.75
00080;459;0.25
00080;460;2.0
00080;612;0.25
00080;663;0.25
00080;696;1.5
00080;722;0.25
00080;753;1.5
00080;800;1.0
00080;884;0.25
00080;912;0.25
00080;945;0.75
00080;1010;0.25
00080;1042;0.75
00080;1065;0.25
00080;1071;0.5
00080;1078;1.75
00080;1091;0.25
00080;1179;0.25
00080;1180;0.25
00080;1227;2.0
00080;1234;0.75
00081;31;0.25
00081;90;0.75
00081;93;0.25
00081;132;0.25
00081;135;0.25
00081;195;0.25
00081;253;0.25
00081;321;2.0
00081;326;0.75
00081;359;0.25
00081;370;1.0
00081;438;1.25
00081;542;1.25
00081;546;1.75
00081;550;0.25
00081;551;0.25
00081;586;0.25
00081;592;0.25
00081;729;0.25
00081;731;0.25
00081;734;2.0
00081;941;0.5
00081;944;0.25
00081;990;0.5
00081;1092;1.5
00081;1134;0.25
00081;1232;0.25
00081;1234;0.25
00082;25;2.0
00082;31;0.5
00082;90;2.0
00082;93;2.0
00082;132;0.25
00082;135;1.75
00082;148;0.25
00082;152;0.5
00082;159;0.75
00082;189;0.25
00082;195;0.25
00082;197;0.25
00082;238;0.25
00082;253;1.5
00082;297;0.25
00082;321;2.0
00082;326;2.0
00082;327;1.0
00082;330;0.25
00082;331;0.25
00082;333;0.25
00082;359;1.5
00082;370;1.25
00082;427;0.25
00082;438;2.0
00082;458;0.5
00082;542;1.25
00082;543;0.75
00082;546;1.75
00082;550;0.25
00082;551;0.25
00082;586;0.25
00082;592;0.25
00082;722;0.25
00082;724;0.25
00082;729;0.25
00082;731;0.25
00082;734;1.75
00082;826;0.25
00082;837;0.25
00082;845;0.25
00082;879;0.25
00082;882;0.25
00082;889;0.25
00082;904;0.25
00082;912;0.25
00082;937;0.25
00082;941;0.5
00082;944;0.5
00082;952;0.25
00082;963;1.75
00082;990;0.25
00082;1000;0.25
00082;1003;1.5
00082;1040;0.25
00082;1078;0.25
00082;1092;0.25
00082;1150;0.25
00082;1188;0.25
00082;1227;0.25
00082;1232;0.25
00082;1234;1.0
00083;18;1.5
00083;166;1.75
00083;187;0.25
00083;238;0.25
00083;366;0.25
00083;370;0.75
00083;394;0.25
00083;427;0.25
00083;430;0.25
00083;432;1.5
00083;447;0.5
00083;463;0.25
00083;501;0.25
00083;505;0.5
00083;517;0.25
00083;550;0.25
00083;590;0.5
00083;609;0.25
00083;668;0.25
00083;767;0.5
00083;905;0.25
00083;912;0.25
00083;988;0.25
00083;989;0.25
00083;1074;0.25
00083;1077;0.5
00083;1091;0.25
00083;1102;1.0
00083;1143;1.25
00083;1170;0.25
00083;1171;0.25
00083;1203;1.5
00084;8;0.75
00084;160;1.75
00084;333;0.25
00084;346;0.25
00084;384;0.25
00084;555;0.25
00084;590;0.25
00084;778;0.25
00084;837;0.25
00084;912;0.25
00084;922;0.5
00084;952;0.25
00084;986;0.5
00084;1086;0.25
00084;1112;0.5
00084;1179;0.25
00085;29;1.5
00085;58;1.0
00085;88;0.25
00085;98;0.25
00085;179;0.5
00085;200;0.75
00085;202;1.25
00085;250;0.25
00085;370;0.5
00085;427;0.5
00085;432;0.25
00085;438;0.25
00085;469;0.25
00085;475;1.25
00085;589;0.25
00085;590;0.25
00085;724;0.25
00085;732;0.25
00085;733;0.25
00085;888;0.25
00085;912;0.25
00085;941;0.25
00085;969;0.25
00085;982;1.25
00085;983;0.25
00085;1018;2.0
00085;1019;0.25
00085;1022;0.25
00085;1036;0.25
00085;1065;0.25
00085;1118;2.0
00086;8;1.75
00086;61;0.5
00086;85;0.25
00086;110;1.25
00086;135;0.5
00086;148;1.5
00086;152;0.75
00086;160;1.0
00086;200;0.25
00086;238;0.5
00086;271;1.75
00086;330;0.5
00086;346;1.25
00086;370;0.75
00086;384;0.25
00086;427;0.25
00086;505;0.5
00086;554;2.0
00086;555;0.25
00086;577;0.25
00086;586;0.25
00086;590;1.5
00086;722;0.75
00086;731;0.25
00086;763;0.5
00086;769;0.75
00086;922;0.25
00086;944;0.5
00086;945;0.5
00086;952;0.25
00086;983;1.0
00086;990;0.5
00086;1000;0.5
00086;1015;0.25
00086;1033;0.25
00086;1071;0.25
00086;1077;0.25
00086;1086;0.25
00086;1090;0.25
00086;1091;0.5
00086;1112;0.25
00086;1118;0.25
00086;1173;0.5
00086;1181;0.25
00086;1227;0.25
00086;1232;0.25
00086;1234;0.25
00087;187;2.0
00087;223;0.5
00087;228;2.0
00087;229;2.0
00087;333;0.5
00087;369;2.0
00087;370;1.0
00087;382;0.25
00087;394;0.25
00087;401;0.5
00087;432;1.75
00087;438;1.0
00087;485;0.25
00087;513;0.5
00087;550;0.5
00087;590;1.0
00087;631;0.5
00087;632;0.25
00087;668;0.25
00087;722;0.25
00087;812;0.5
00087;819;0.5
00087;833;0.25
00087;860;1.0
00087;945;0.25
00087;990;0.25
00087;1005;2.0
00087;1007;0.25
00087;1015;1.75
00087;1025;0.25
00087;1032;0.25
00087;1060;1.25
00087;1071;0.5
00087;1134;0.5
00087;1163;0.25
00087;1169;0.25
00087;1180;0.25
00087;1234;0.25
00088;370;0.75
00088;443;0.5
00088;457;2.0
00088;590;1.0
00088;614;1.5
00088;668;0.25
00088;678;0.5
00088;679;0.5
00088;702;0.25
00088;945;0.25
00088;990;0.25
00088;1091;1.25
00088;1134;0.25
00088;1144;0.25
00089;79;1.0
00089;152;0.5
00089;176;1.75
00089;177;0.5
00089;179;0.25
00089;260;1.75
00089;265;0.5
00089;370;0.25
00089;469;2.0
00089;479;0.25
00089;590;0.25
00089;706;0.5
00089;778;0.25
00089;905;1.0
00089;912;0.75
00089;1065;0.25
00089;1086;0.25
00090;7;1.75
00090;160;0.25
00090;161;0.25
00090;176;1.75
00090;177;1.75
00090;200;1.5
00090;260;1.0
00090;265;1.75
00090;370;0.25
00090;451;1.75
00090;479;1.0
00090;505;0.25
00090;589;0.25
00090;590;2.0
00090;763;0.25
00090;778;0.5
00090;874;0.25
00090;884;2.0
00090;912;1.5
00090;987;0.25
00090;1065;0.25
00090;1071;0.25
00090;1086;1.25
00090;1089;0.25
00090;1090;1.0
00090;1091;1.0
00090;1234;0.25
00090;1238;0.25
00091;1;0.25
00091;3;0.5
00091;4;0.5
00091;8;0.25
00091;9;0.25
00091;11;0.5
00091;13;0.25
00091;15;0.75
00091;17;0.5
00091;21;0.25
00091;29;1.25
00091;30;0.25
00091;32;0.25
00091;33;0.25
00091;40;0.5
00091;41;0.25
00091;45;0.25
00091;46;0.5
00091;50;0.25
00091;56;0.25
00091;57;1.75
00091;58;1.5
00091;59;1.25
00091;60;0.25
00091;69;1.25
00091;78;0.25
00091;88;1.75
00091;92;0.25
00091;94;0.25
00091;95;2.0
00091;97;2.0
00091;98;1.5
00091;100;0.5
00091;103;1.0
00091;105;1.0
00091;109;1.0
00091;115;0.75
00091;116;1.0
00091;118;0.5
00091;119;1.0
00091;121;0.25
00091;122;0.25
00091;124;0.25
00091;128;0.25
00091;134;0.25
00091;135;0.25
00091;139;1.25
00091;147;0.25
00091;163;0.25
00091;166;0.25
00091;170;0.25
00091;173;0.25
00091;174;1.25
00091;181;0.25
00091;182;2.0
00091;183;1.5
00091;186;1.5
00091;189;0.25
00091;199;0.75
00091;202;1.0
00091;204;1.0
00091;211;0.25
00091;226;0.25
00091;237;0.25
00091;240;1.5
00091;241;0.75
00091;242;0.25
00091;243;0.25
00091;244;0.25
00091;248;0.25
00091;250;1.75
00091;256;0.25
00091;259;0.25
00091;261;0.25
00091;263;0.25
00091;264;0.25
00091;265;0.25
00091;266;1.75
00091;267;2.0
00091;268;0.25
00091;272;0.25
00091;274;0.25
00091;275;0.25
00091;276;0.25
00091;278;0.25
00091;279;0.25
00091;281;0.25
00091;283;0.25
00091;286;0.25
00091;287;0.25
00091;294;1.75
00091;297;0.5
00091;300;0.25
00091;301;0.25
00091;314;1.25
00091;317;1.25
00091;322;1.75
00091;331;0.25
00091;333;0.25
00091;339;1.0
00091;348;0.5
00091;351;0.5
00091;352;0.5
00091;353;1.75
00091;354;0.5
00091;355;0.25
00091;359;0.75
00091;361;0.5
00091;362;1.75
00091;364;1.5
00091;370;1.75
00091;376;1.75
00091;381;1.75
00091;385;1.5
00091;392;0.25
00091;395;1.5
00091;396;1.5
00091;398;0.5
00091;405;0.25
00091;412;0.5
00091;413;2.0
00091;416;0.25
00091;422;1.75
00091;423;0.5
00091;426;0.25
00091;428;0.25
00091;431;0.25
00091;434;0.75
00091;443;0.5
00091;454;0.25
00091;455;0.25
00091;466;1.0
00091;468;2.0
00091;473;0.25
00091;474;1.25
00091;475;1.75
00091;478;1.0
00091;485;0.25
00091;486;0.75
00091;489;0.25
00091;508;0.5
00091;512;0.5
00091;538;0.25
00091;545;0.5
00091;549;0.25
00091;550;1.5
00091;551;0.25
00091;552;1.5
00091;553;0.25
00091;559;0.5
00091;562;0.25
00091;579;1.0
00091;582;0.25
00091;586;0.25
00091;594;1.25
00091;598;1.5
00091;601;0.5
00091;603;1.25
00091;611;1.0
00091;615;1.5
00091;626;0.25
00091;641;1.0
00091;642;0.25
00091;643;0.25
00091;648;0.25
00091;659;0.25
00091;667;0.25
00091;673;0.25
00091;682;1.25
00091;683;1.25
00091;684;1.25
00091;688;0.25
00091;690;0.5
00091;694;0.25
00091;695;1.0
00091;700;2.0
00091;704;0.25
00091;714;0.5
00091;719;0.25
00091;720;0.75
00091;722;2.0
00091;724;0.5
00091;725;0.25
00091;727;0.25
00091;728;2.0
00091;729;0.25
00091;731;0.5
00091;732;2.0
00091;733;1.75
00091;735;0.25
00091;751;0.5
00091;752;1.0
00091;756;2.0
00091;759;1.75
00091;762;0.25
00091;763;1.5
00091;764;1.0
00091;767;0.25
00091;768;0.25
00091;770;2.0
00091;771;0.25
00091;772;0.75
00091;773;0.25
00091;779;0.25
00091;781;1.75
00091;782;0.25
00091;784;1.0
00091;787;1.75
00091;788;0.25
00091;791;0.5
00091;794;0.25
00091;796;1.25
00091;797;1.5
00091;798;0.5
00091;799;0.75
00091;801;1.75
00091;803;1.5
00091;808;1.75
00091;809;0.25
00091;822;1.75
00091;833;1.5
00091;834;0.25
00091;835;0.25
00091;836;0.5
00091;838;0.25
00091;844;0.5
00091;854;0.25
00091;859;1.75
00091;866;0.25
00091;867;0.25
00091;868;0.25
00091;870;1.75
00091;872;0.75
00091;875;0.25
00091;880;0.25
00091;882;0.25
00091;883;0.25
00091;888;0.75
00091;893;1.75
00091;894;0.25
00091;896;0.25
00091;897;0.25
00091;900;1.0
00091;906;0.25
00091;913;0.25
00091;914;0.25
00091;935;0.5
00091;941;0.5
00091;944;0.25
00091;947;0.25
00091;965;1.75
00091;974;1.75
00091;982;0.5
00091;985;1.5
00091;990;0.75
00091;992;0.25
00091;993;0.25
00091;997;2.0
00091;998;1.75
00091;1000;1.75
00091;1018;1.75
00091;1019;0.5
00091;1023;0.25
00091;1033;0.25
00091;1040;0.25
00091;1041;0.25
00091;1043;0.5
00091;1047;0.5
00091;1051;0.25
00091;1054;0.5
00091;1056;0.5
00091;1057;0.5
00091;1058;0.5
00091;1063;0.25
00091;1080;0.5
00091;1085;0.25
00091;1091;0.25
00091;1093;0.5
00091;1095;2.0
00091;1097;1.5
00091;1098;1.5
00091;1103;0.25
00091;1106;0.25
00091;1107;0.25
00091;1108;0.25
00091;1115;0.25
00091;1116;0.25
00091;1118;1.75
00091;1119;0.5
00091;1125;1.0
00091;1134;0.25
00091;1177;1.75
00091;1184;1.75
00091;1186;0.25
00091;1189;2.0
00091;1191;0.5
00091;1192;0.25
00091;1216;2.0
00091;1217;2.0
00091;1219;2.0
00091;1226;2.0
00091;1232;0.25
00091;1234;0.5
00091;1235;0.75
00092;17;0.25
00092;43;0.25
00092;111;0.25
00092;130;0.25
00092;135;1.0
00092;136;0.25
00092;148;0.5
00092;181;0.25
00092;185;0.25
00092;189;0.25
00092;193;0.25
00092;200;0.25
00092;213;1.25
00092;226;0.75
00092;238;1.0
00092;258;2.0
00092;333;0.75
00092;342;0.25
00092;354;1.0
00092;370;1.0
00092;377;0.5
00092;392;0.25
00092;429;0.25
00092;434;0.25
00092;446;0.25
00092;465;0.5
00092;472;2.0
00092;473;1.75
00092;479;0.25
00092;489;1.25
00092;492;0.25
00092;503;0.25
00092;510;0.25
00092;514;0.5
00092;550;0.5
00092;559;0.5
00092;586;0.5
00092;596;0.25
00092;599;1.25
00092;607;0.25
00092;611;1.0
00092;643;0.25
00092;653;0.25
00092;661;2.0
00092;671;0.25
00092;687;0.25
00092;692;0.25
00092;705;1.25
00092;722;2.0
00092;724;1.0
00092;729;0.25
00092;731;0.5
00092;735;0.25
00092;763;0.5
00092;764;0.5
00092;767;0.25
00092;778;0.75
00092;783;1.75
00092;788;0.25
00092;804;0.25
00092;806;0.25
00092;822;0.25
00092;824;0.25
00092;826;0.25
00092;837;0.25
00092;838;0.25
00092;839;0.25
00092;842;1.25
00092;845;0.5
00092;856;0.25
00092;858;0.5
00092;859;0.25
00092;879;1.5
00092;883;0.25
00092;888;0.25
00092;889;0.25
00092;908;0.25
00092;910;0.5
00092;914;1.0
00092;915;0.25
00092;926;0.25
00092;930;0.5
00092;934;0.75
00092;940;0.25
00092;941;0.5
00092;944;0.25
00092;946;0.25
00092;952;2.0
00092;990;0.75
00092;1000;1.75
00092;1014;0.25
00092;1023;0.5
00092;1031;0.25
00092;1033;1.0
00092;1040;0.25
00092;1066;0.25
00092;1071;0.25
00092;1093;0.5
00092;1147;2.0
00092;1151;0.25
00092;1186;0.25
00092;1188;0.25
00092;1192;0.5
00092;1195;1.75
00092;1226;0.25
00092;1227;0.25
00092;1232;1.25
00092;1234;1.75
00092;00093;1.8
00092;113;1.75
00092;145;2.0
00092;180;1.75
00092;272;2.0
00092;422;0.25
00092;467;0.5
00092;489;0.5
00092;550;0.25
00092;586;0.75
00092;722;0.25
00092;724;0.25
00092;873;0.25
00092;999;0.5
00092;1000;0.5
00092;1020;0.5
00092;1023;0.25
00092;1033;0.5
00092;1233;0.25
00094;78;0.5
00094;114;0.5
00094;122;0.25
00094;123;0.25
00094;137;0.25
00094;192;0.25
00094;209;0.5
00094;270;0.5
00094;277;0.5
00094;282;0.25
00094;309;1.75
00094;311;1.75
00094;322;0.25
00094;359;0.25
00094;370;0.5
00094;400;0.25
00094;435;0.25
00094;436;0.25
00094;440;2.0
00094;442;0.25
00094;494;2.0
00094;498;1.5
00094;504;0.25
00094;505;0.25
00094;533;0.25
00094;536;2.0
00094;571;0.5
00094;742;2.0
00094;745;2.0
00094;789;0.5
00094;955;1.75
00094;1016;0.5
00094;1091;0.5
00094;1092;0.5
00094;1121;1.5
00094;1143;1.75
00094;1156;1.25
00094;1158;0.25
00094;1197;1.75
00094;1199;1.75
00094;1200;0.25
00094;1204;2.0
00094;1223;1.25
00095;12;0.25
00095;30;1.5
00095;43;0.25
00095;192;0.5
00095;257;0.25
00095;322;0.25
00095;603;1.25
00095;606;1.25
00095;1097;0.25
00096;9;0.25
00096;40;0.5
00096;43;0.25
00096;75;1.75
00096;454;2.0
00096;455;2.0
00096;520;0.5
00096;526;0.5
00096;527;0.25
00096;673;2.0
00096;883;0.25
00096;1087;0.25
00097;52;0.25
00097;68;0.25
00097;135;0.25
00097;140;0.5
00097;190;0.25
00097;392;0.25
00097;416;0.5
00097;538;0.25
00097;539;2.0
00097;751;1.25
00097;757;2.0
00098;145;1.75
00098;180;1.25
00098;270;0.25
00098;272;1.25
00098;362;0.5
00098;467;0.25
00098;595;0.25
00098;667;0.5
00098;728;2.0
00098;782;1.75
00098;787;0.75
00098;985;1.0
00098;1018;0.25
00098;1019;0.25
00098;1118;0.5
00099;268;2.0
00099;324;2.0
00099;449;1.75
00099;992;1.25
00099;1191;0.5
00100;59;0.5
00100;183;2.0
00100;370;1.25
00100;579;2.0
00100;803;0.5
00100;833;0.5
00100;1000;1.5
00100;1017;1.75
00100;1033;0.25
00100;1097;0.5
00100;1232;0.5
